precinct,hisp,total_reg,pct_hisp,total_votes,pct_clinton,pct_trump
ALDEN - ED 001,3,883,0.003397508,653,0.298621746,0.58805513
ALDEN - ED 002,2,1030,0.001941748,805,0.211180124,0.714285714
ALDEN - ED 003,5,1011,0.004945598,814,0.267813268,0.648648649
ALDEN - ED 004,4,737,0.005427408,586,0.21331058,0.735494881
ALDEN - ED 005,6,732,0.008196721,525,0.234285714,0.706666667
ALDEN - ED 006,2,862,0.002320186,570,0.289473684,0.622807018
ALDEN - ED 007,1,775,0.001290323,573,0.218150087,0.739965096
AMHERST - ED 001,10,1333,0.007501875,1035,0.556521739,0.374879227
AMHERST - ED 002,3,736,0.004076087,544,0.522058824,0.404411765
AMHERST - ED 003,9,898,0.010022272,641,0.561622465,0.358814353
AMHERST - ED 004,13,942,0.013800425,705,0.482269504,0.431205674
AMHERST - ED 005,30,1309,0.022918258,940,0.421276596,0.506382979
AMHERST - ED 006,3,955,0.003141361,769,0.504551365,0.427828349
AMHERST - ED 007,8,861,0.009291521,644,0.482919255,0.420807453
AMHERST - ED 008,1,1022,0.000978474,810,0.50617284,0.398765432
AMHERST - ED 009,2,1108,0.001805054,842,0.605700713,0.330166271
AMHERST - ED 010,,1184,0,930,0.588172043,0.34516129
AMHERST - ED 011,1,995,0.001005025,796,0.631909548,0.292713568
AMHERST - ED 012,,914,0,739,0.549391069,0.342354533
AMHERST - ED 013,5,1376,0.003633721,1034,0.590909091,0.323017408
AMHERST - ED 014,11,842,0.013064133,586,0.708191126,0.223549488
AMHERST - ED 015,7,1284,0.005451713,964,0.610995851,0.314315353
AMHERST - ED 016,9,1032,0.00872093,848,0.564858491,0.358490566
AMHERST - ED 017,4,721,0.00554785,564,0.583333333,0.358156028
AMHERST - ED 018,8,1167,0.006855184,903,0.560354374,0.339977852
AMHERST - ED 019,4,1312,0.00304878,1073,0.5722274,0.352283318
AMHERST - ED 020,5,1141,0.004382121,910,0.542857143,0.397802198
AMHERST - ED 021,16,991,0.016145308,761,0.498028909,0.421813403
AMHERST - ED 022,2,389,0.005141388,310,0.496774194,0.435483871
AMHERST - ED 023,6,1119,0.00536193,853,0.396248535,0.534583822
AMHERST - ED 024,1,1001,0.000999001,686,0.521865889,0.427113703
AMHERST - ED 025,6,1011,0.005934718,787,0.471410419,0.482846252
AMHERST - ED 026,12,1128,0.010638298,826,0.427360775,0.489104116
AMHERST - ED 027,2,1060,0.001886792,832,0.493990385,0.444711538
AMHERST - ED 028,2,944,0.002118644,730,0.504109589,0.44109589
AMHERST - ED 029,7,1249,0.005604484,1018,0.523575639,0.422396857
AMHERST - ED 030,12,1352,0.00887574,1056,0.520833333,0.430871212
AMHERST - ED 031,11,1259,0.008737093,968,0.463842975,0.460743802
AMHERST - ED 032,19,727,0.026134801,534,0.496254682,0.4082397
AMHERST - ED 033,11,1210,0.009090909,865,0.505202312,0.427745665
AMHERST - ED 034,10,1035,0.009661836,696,0.518678161,0.41954023
AMHERST - ED 035,20,1122,0.017825312,870,0.6,0.333333333
AMHERST - ED 036,24,1126,0.021314387,773,0.642949547,0.287192755
AMHERST - ED 037,13,852,0.015258216,598,0.578595318,0.351170569
AMHERST - ED 038,8,957,0.008359457,647,0.540958269,0.367851623
AMHERST - ED 039,7,496,0.014112903,368,0.644021739,0.293478261
AMHERST - ED 040,62,715,0.086713287,639,0.727699531,0.205007825
AMHERST - ED 041,35,255,0.137254902,231,0.753246753,0.142857143
AMHERST - ED 042,12,1057,0.011352886,798,0.448621554,0.463659148
AMHERST - ED 043,16,967,0.016546019,680,0.547058824,0.392647059
AMHERST - ED 044,22,1040,0.021153846,785,0.507006369,0.430573248
AMHERST - ED 045,6,749,0.008010681,589,0.482173175,0.478777589
AMHERST - ED 046,12,1150,0.010434783,877,0.54618016,0.411630559
AMHERST - ED 047,21,966,0.02173913,686,0.514577259,0.412536443
AMHERST - ED 048,2,628,0.003184713,502,0.480079681,0.422310757
AMHERST - ED 049,19,1005,0.018905473,769,0.503250975,0.427828349
AMHERST - ED 050,5,543,0.009208103,386,0.556994819,0.370466321
AMHERST - ED 051,20,1050,0.019047619,714,0.49859944,0.421568627
AMHERST - ED 052,16,1036,0.015444015,786,0.512722646,0.41475827
AMHERST - ED 053,16,1348,0.011869436,1055,0.503317536,0.428436019
AMHERST - ED 054,,1305,0,980,0.547959184,0.394897959
AMHERST - ED 055,6,1233,0.00486618,917,0.455834242,0.492911668
AMHERST - ED 056,11,1235,0.008906883,931,0.487647691,0.456498389
AMHERST - ED 057,6,1384,0.00433526,1017,0.486725664,0.438544739
AMHERST - ED 058,16,1484,0.010781671,1134,0.482363316,0.452380952
AMHERST - ED 059,,177,0,157,0.496815287,0.439490446
AMHERST - ED 060,13,935,0.013903743,763,0.460026212,0.467889908
AMHERST - ED 061,16,1294,0.01236476,910,0.510989011,0.428571429
AMHERST - ED 062,5,739,0.0067659,537,0.579143389,0.35009311
AMHERST - ED 063,27,1314,0.020547945,971,0.486096807,0.444902163
AMHERST - ED 064,19,1028,0.01848249,703,0.492176387,0.429587482
AMHERST - ED 065,1,324,0.00308642,216,0.537037037,0.407407407
AMHERST - ED 066,22,1015,0.021674877,654,0.490825688,0.455657492
AMHERST - ED 067,4,1061,0.003770028,806,0.478908189,0.464019851
AMHERST - ED 068,9,1403,0.006414825,1075,0.506046512,0.430697674
AMHERST - ED 069,2,1251,0.001598721,942,0.507430998,0.432059448
AMHERST - ED 070,5,1603,0.003119152,1207,0.478873239,0.449875725
AMHERST - ED 071,17,1373,0.012381646,1035,0.461835749,0.485990338
AMHERST - ED 072,17,1026,0.016569201,771,0.470817121,0.461738003
AMHERST - ED 073,17,1175,0.014468085,842,0.471496437,0.460807601
AMHERST - ED 074,11,1025,0.010731707,731,0.411764706,0.532147743
AMHERST - ED 075,,1293,0,977,0.378710338,0.557830092
AMHERST - ED 076,1,958,0.001043841,744,0.404569892,0.52688172
AMHERST - ED 077,71,1749,0.040594626,1119,0.54512958,0.385165326
AMHERST - ED 078,61,1492,0.040884718,937,0.50266809,0.407684098
AMHERST - ED 079,3,387,0.007751938,315,0.488888889,0.434920635
AURORA - ED 001,1,834,0.001199041,667,0.532233883,0.373313343
AURORA - ED 002,4,972,0.004115226,763,0.530799476,0.380078637
AURORA - ED 003,2,853,0.002344666,665,0.541353383,0.384962406
AURORA - ED 004,,712,0,528,0.524621212,0.388257576
AURORA - ED 005,,980,0,766,0.516971279,0.392950392
AURORA - ED 006,,1177,0,925,0.328648649,0.591351351
AURORA - ED 007,,1259,0,1012,0.375494071,0.541501976
AURORA - ED 008,,1209,0,965,0.361658031,0.578238342
AURORA - ED 009,,1245,0,989,0.42669363,0.495449949
AURORA - ED 010,,1118,0,932,0.402360515,0.52360515
BOSTON - ED 001,,1003,0,792,0.311868687,0.617424242
BOSTON - ED 002,,1042,0,799,0.347934919,0.591989987
BOSTON - ED 003,,696,0,544,0.299632353,0.632352941
BOSTON - ED 004,,1474,0,1158,0.310017271,0.625215889
BOSTON - ED 005,,1040,0,786,0.32697201,0.592875318
BOSTON - ED 006,,664,0,501,0.22754491,0.708582834
BRANT - ED 001,5,433,0.011547344,304,0.25,0.667763158
BRANT - ED 002,12,416,0.028846154,265,0.464150943,0.513207547
BRANT - ED 003,2,247,0.008097166,150,0.346666667,0.56
BRANT - ED 004,7,507,0.013806706,343,0.262390671,0.670553936
BUFFALO - WD DEL - ED 001,7,18,0.388888889,12,1,0
BUFFALO - WD DEL - ED 002,81,1333,0.060765191,917,0.708833152,0.224645583
BUFFALO - WD DEL - ED 003,21,597,0.035175879,431,0.628770302,0.299303944
BUFFALO - WD DEL - ED 004,32,552,0.057971014,356,0.674157303,0.25
BUFFALO - WD DEL - ED 005,27,595,0.045378151,405,0.716049383,0.224691358
BUFFALO - WD DEL - ED 006,13,393,0.03307888,283,0.692579505,0.240282686
BUFFALO - WD DEL - ED 007,23,634,0.036277603,475,0.705263158,0.225263158
BUFFALO - WD DEL - ED 008,31,784,0.039540816,584,0.643835616,0.27739726
BUFFALO - WD DEL - ED 009,34,812,0.041871921,635,0.716535433,0.226771654
BUFFALO - WD DEL - ED 010,4,259,0.015444015,219,0.739726027,0.219178082
BUFFALO - WD DEL - ED 011,49,842,0.058194774,585,0.702564103,0.223931624
BUFFALO - WD DEL - ED 012,24,721,0.033287101,492,0.695121951,0.239837398
BUFFALO - WD DEL - ED 013,28,456,0.061403509,302,0.71192053,0.201986755
BUFFALO - WD DEL - ED 014,44,701,0.062767475,467,0.713062099,0.235546039
BUFFALO - WD DEL - ED 015,11,418,0.026315789,279,0.559139785,0.35125448
BUFFALO - WD DEL - ED 016,38,920,0.041304348,641,0.742589704,0.182527301
BUFFALO - WD DEL - ED 017,12,624,0.019230769,458,0.720524017,0.18558952
BUFFALO - WD DEL - ED 018,24,363,0.066115702,247,0.668016194,0.279352227
BUFFALO - WD DEL - ED 019,5,469,0.010660981,368,0.763586957,0.163043478
BUFFALO - WD DEL - ED 020,4,391,0.010230179,321,0.738317757,0.211838006
BUFFALO - WD DEL - ED 021,2,653,0.003062787,503,0.715705765,0.210735586
BUFFALO - WD DEL - ED 022,5,418,0.011961722,332,0.638554217,0.274096386
BUFFALO - WD DEL - ED 023,28,678,0.041297935,513,0.754385965,0.18128655
BUFFALO - WD DEL - ED 024,11,424,0.025943396,333,0.84984985,0.108108108
BUFFALO - WD DEL - ED 025,14,693,0.02020202,516,0.812015504,0.124031008
BUFFALO - WD DEL - ED 026,10,621,0.01610306,502,0.667330677,0.217131474
BUFFALO - WD DEL - ED 027,3,267,0.011235955,179,0.882681564,0.083798883
BUFFALO - WD DEL - ED 028,11,404,0.027227723,310,0.819354839,0.106451613
BUFFALO - WD DEL - ED 029,47,874,0.053775744,577,0.767764298,0.143847487
BUFFALO - WD DEL - ED 030,17,784,0.021683673,597,0.748743719,0.170854271
BUFFALO - WD DEL - ED 031,32,964,0.033195021,724,0.783149171,0.13121547
BUFFALO - WD DEL - ED 032,24,860,0.027906977,669,0.753363229,0.150971599
BUFFALO - WD DEL - ED 033,12,544,0.022058824,397,0.778337531,0.146095718
BUFFALO - WD DEL - ED 034,12,627,0.019138756,499,0.72745491,0.198396794
BUFFALO - WD ELL - ED 001,83,1327,0.062547099,825,0.841212121,0.105454545
BUFFALO - WD ELL - ED 002,63,309,0.203883495,205,0.83902439,0.117073171
BUFFALO - WD ELL - ED 003,17,488,0.034836066,355,0.8,0.123943662
BUFFALO - WD ELL - ED 004,7,309,0.022653722,168,0.964285714,0.023809524
BUFFALO - WD ELL - ED 005,,213,0,118,0.923728814,0.059322034
BUFFALO - WD ELL - ED 006,1,354,0.002824859,218,0.95412844,0.02293578
BUFFALO - WD ELL - ED 007,1,422,0.002369668,253,0.960474308,0.015810277
BUFFALO - WD ELL - ED 008,1,124,0.008064516,92,0.706521739,0.163043478
BUFFALO - WD ELL - ED 009,11,190,0.057894737,111,0.801801802,0.117117117
BUFFALO - WD ELL - ED 010,9,469,0.019189765,247,0.914979757,0.036437247
BUFFALO - WD ELL - ED 011,3,437,0.006864989,215,0.925581395,0.027906977
BUFFALO - WD ELL - ED 012,3,579,0.005181347,360,0.958333333,0.011111111
BUFFALO - WD ELL - ED 013,2,635,0.003149606,382,0.963350785,0.018324607
BUFFALO - WD ELL - ED 014,26,289,0.089965398,178,0.764044944,0.185393258
BUFFALO - WD ELL - ED 015,33,349,0.094555874,232,0.793103448,0.150862069
BUFFALO - WD ELL - ED 016,8,416,0.019230769,298,0.812080537,0.11409396
BUFFALO - WD ELL - ED 017,5,525,0.00952381,249,0.879518072,0.076305221
BUFFALO - WD ELL - ED 018,3,244,0.012295082,152,0.934210526,0.032894737
BUFFALO - WD ELL - ED 019,2,671,0.002980626,430,0.958139535,0.030232558
BUFFALO - WD ELL - ED 020,,382,0,212,0.995283019,0
BUFFALO - WD ELL - ED 021,28,598,0.046822742,388,0.956185567,0.020618557
BUFFALO - WD ELL - ED 022,3,702,0.004273504,423,0.955082742,0.035460993
BUFFALO - WD ELL - ED 023,3,370,0.008108108,223,0.964125561,0.013452915
BUFFALO - WD ELL - ED 024,45,173,0.260115607,108,0.694444444,0.277777778
BUFFALO - WD ELL - ED 025,39,538,0.072490706,221,0.846153846,0.131221719
BUFFALO - WD ELL - ED 026,10,740,0.013513514,478,0.878661088,0.081589958
BUFFALO - WD ELL - ED 027,2,365,0.005479452,231,0.956709957,0.03030303
BUFFALO - WD ELL - ED 028,2,420,0.004761905,257,0.968871595,0.007782101
BUFFALO - WD ELL - ED 029,72,1039,0.069297401,603,0.910447761,0.056384743
BUFFALO - WD ELL - ED 030,1,345,0.002898551,213,0.96713615,0.009389671
BUFFALO - WD ELL - ED 031,44,1036,0.042471042,620,0.964516129,0.022580645
BUFFALO - WD ELL - ED 032,4,257,0.015564202,146,0.965753425,0.02739726
BUFFALO - WD ELL - ED 033,14,267,0.052434457,196,0.535714286,0.428571429
BUFFALO - WD ELL - ED 034,215,410,0.524390244,202,0.871287129,0.089108911
BUFFALO - WD ELL - ED 035,897,1327,0.675960814,630,0.888888889,0.080952381
BUFFALO - WD ELL - ED 036,317,543,0.583793738,244,0.803278689,0.135245902
BUFFALO - WD FIL - ED 001,45,643,0.069984448,431,0.805104408,0.125290023
BUFFALO - WD FIL - ED 002,61,598,0.102006689,382,0.795811518,0.141361257
BUFFALO - WD FIL - ED 003,40,566,0.070671378,349,0.76217765,0.146131805
BUFFALO - WD FIL - ED 004,28,290,0.096551724,193,0.704663212,0.150259067
BUFFALO - WD FIL - ED 005,278,723,0.38450899,437,0.794050343,0.116704805
BUFFALO - WD FIL - ED 006,50,182,0.274725275,102,0.823529412,0.117647059
BUFFALO - WD FIL - ED 007,268,784,0.341836735,365,0.893150685,0.071232877
BUFFALO - WD FIL - ED 008,235,861,0.272938444,576,0.704861111,0.236111111
BUFFALO - WD FIL - ED 009,3,377,0.00795756,162,0.950617284,0.024691358
BUFFALO - WD FIL - ED 010,128,808,0.158415842,504,0.849206349,0.103174603
BUFFALO - WD FIL - ED 011,7,1248,0.005608974,657,0.936073059,0.04261796
BUFFALO - WD FIL - ED 012,6,47,0.127659574,28,0.535714286,0.464285714
BUFFALO - WD FIL - ED 013,96,923,0.104008667,532,0.486842105,0.44924812
BUFFALO - WD FIL - ED 014,97,691,0.140376266,340,0.488235294,0.438235294
BUFFALO - WD FIL - ED 015,31,296,0.10472973,175,0.674285714,0.285714286
BUFFALO - WD FIL - ED 016,28,179,0.156424581,81,0.641975309,0.296296296
BUFFALO - WD FIL - ED 017,6,168,0.035714286,84,0.55952381,0.428571429
BUFFALO - WD FIL - ED 018,42,668,0.062874251,356,0.719101124,0.221910112
BUFFALO - WD FIL - ED 019,18,707,0.025459689,364,0.563186813,0.403846154
BUFFALO - WD FIL - ED 020,15,497,0.030181087,296,0.932432432,0.037162162
BUFFALO - WD FIL - ED 021,13,349,0.037249284,154,0.863636364,0.116883117
BUFFALO - WD FIL - ED 022,9,196,0.045918367,86,0.941860465,0.034883721
BUFFALO - WD FIL - ED 023,3,188,0.015957447,100,0.89,0.06
BUFFALO - WD FIL - ED 024,11,361,0.030470914,151,0.867549669,0.105960265
BUFFALO - WD FIL - ED 025,22,618,0.035598706,263,0.756653992,0.212927757
BUFFALO - WD FIL - ED 026,3,225,0.013333333,145,0.875862069,0.062068966
BUFFALO - WD FIL - ED 027,12,444,0.027027027,201,0.815920398,0.15920398
BUFFALO - WD FIL - ED 028,33,617,0.053484603,246,0.857723577,0.12601626
BUFFALO - WD FIL - ED 029,,522,0,277,0.953068592,0.036101083
BUFFALO - WD FIL - ED 030,2,375,0.005333333,212,0.966981132,0.028301887
BUFFALO - WD FIL - ED 031,9,386,0.023316062,203,0.911330049,0.044334975
BUFFALO - WD FIL - ED 032,15,314,0.047770701,178,0.837078652,0.151685393
BUFFALO - WD FIL - ED 033,7,388,0.018041237,213,0.971830986,0.014084507
BUFFALO - WD FIL - ED 034,,282,0,147,0.965986395,0.027210884
BUFFALO - WD FIL - ED 035,3,304,0.009868421,186,0.935483871,0.021505376
BUFFALO - WD LOV - ED 001,1,327,0.003058104,186,0.951612903,0.032258065
BUFFALO - WD LOV - ED 002,,96,0,54,1,0
BUFFALO - WD LOV - ED 003,10,681,0.014684288,380,0.939473684,0.042105263
BUFFALO - WD LOV - ED 004,8,519,0.015414258,308,0.938311688,0.022727273
BUFFALO - WD LOV - ED 005,6,499,0.012024048,304,0.924342105,0.032894737
BUFFALO - WD LOV - ED 006,5,671,0.007451565,383,0.934725849,0.036553525
BUFFALO - WD LOV - ED 007,8,351,0.022792023,182,0.945054945,0.043956044
BUFFALO - WD LOV - ED 008,1,192,0.005208333,99,0.96969697,0.02020202
BUFFALO - WD LOV - ED 009,16,625,0.0256,324,0.932098765,0.046296296
BUFFALO - WD LOV - ED 010,17,678,0.025073746,320,0.9,0.05625
BUFFALO - WD LOV - ED 011,2,347,0.005763689,171,0.871345029,0.093567251
BUFFALO - WD LOV - ED 012,23,804,0.028606965,386,0.880829016,0.082901554
BUFFALO - WD LOV - ED 013,15,544,0.027573529,312,0.878205128,0.096153846
BUFFALO - WD LOV - ED 014,15,808,0.018564356,490,0.875510204,0.091836735
BUFFALO - WD LOV - ED 015,8,386,0.020725389,190,0.447368421,0.510526316
BUFFALO - WD LOV - ED 016,15,635,0.023622047,349,0.567335244,0.369627507
BUFFALO - WD LOV - ED 017,28,698,0.040114613,379,0.485488127,0.469656992
BUFFALO - WD LOV - ED 018,28,499,0.056112224,266,0.443609023,0.477443609
BUFFALO - WD LOV - ED 019,15,401,0.037406484,177,0.440677966,0.468926554
BUFFALO - WD LOV - ED 020,6,313,0.019169329,173,0.554913295,0.398843931
BUFFALO - WD LOV - ED 021,9,310,0.029032258,150,0.5,0.433333333
BUFFALO - WD LOV - ED 022,2,110,0.018181818,61,0.278688525,0.68852459
BUFFALO - WD LOV - ED 023,12,338,0.035502959,186,0.478494624,0.467741935
BUFFALO - WD LOV - ED 024,34,873,0.038946163,498,0.477911647,0.423694779
BUFFALO - WD LOV - ED 025,,6,0,2,1,0
BUFFALO - WD LOV - ED 026,30,322,0.093167702,172,0.494186047,0.418604651
BUFFALO - WD LOV - ED 027,6,138,0.043478261,69,0.420289855,0.507246377
BUFFALO - WD LOV - ED 028,27,720,0.0375,406,0.5,0.45320197
BUFFALO - WD LOV - ED 029,17,616,0.027597403,389,0.401028278,0.511568123
BUFFALO - WD LOV - ED 030,12,626,0.019169329,402,0.457711443,0.480099502
BUFFALO - WD LOV - ED 031,94,1018,0.092337917,535,0.553271028,0.377570093
BUFFALO - WD LOV - ED 032,2,121,0.016528926,87,0.494252874,0.413793103
BUFFALO - WD MAS - ED 001,12,549,0.021857923,335,0.895522388,0.044776119
BUFFALO - WD MAS - ED 002,1,266,0.003759398,182,0.82967033,0.098901099
BUFFALO - WD MAS - ED 003,12,827,0.014510278,458,0.96069869,0.013100437
BUFFALO - WD MAS - ED 004,9,591,0.015228426,366,0.942622951,0.021857923
BUFFALO - WD MAS - ED 005,1,77,0.012987013,33,0.96969697,0
BUFFALO - WD MAS - ED 006,,235,0,150,0.973333333,0
BUFFALO - WD MAS - ED 007,,768,0,446,0.961883408,0.024663677
BUFFALO - WD MAS - ED 008,14,442,0.031674208,222,0.923423423,0.072072072
BUFFALO - WD MAS - ED 009,6,326,0.018404908,200,0.915,0.035
BUFFALO - WD MAS - ED 010,2,302,0.006622517,169,0.905325444,0.065088757
BUFFALO - WD MAS - ED 011,6,709,0.008462623,421,0.947743468,0.014251781
BUFFALO - WD MAS - ED 012,,693,0,416,0.966346154,0.019230769
BUFFALO - WD MAS - ED 013,,508,0,296,0.959459459,0.013513514
BUFFALO - WD MAS - ED 014,12,322,0.037267081,199,0.914572864,0.030150754
BUFFALO - WD MAS - ED 015,8,346,0.023121387,213,0.9342723,0.03286385
BUFFALO - WD MAS - ED 016,,340,0,176,0.931818182,0.039772727
BUFFALO - WD MAS - ED 017,1,270,0.003703704,192,0.838541667,0.114583333
BUFFALO - WD MAS - ED 018,4,396,0.01010101,228,0.947368421,0.035087719
BUFFALO - WD MAS - ED 019,5,425,0.011764706,277,0.971119134,0.010830325
BUFFALO - WD MAS - ED 020,3,792,0.003787879,469,0.963752665,0.017057569
BUFFALO - WD MAS - ED 021,8,341,0.023460411,230,0.926086957,0.030434783
BUFFALO - WD MAS - ED 022,5,305,0.016393443,189,0.947089947,0.021164021
BUFFALO - WD MAS - ED 023,12,929,0.012917115,555,0.967567568,0.016216216
BUFFALO - WD MAS - ED 024,9,885,0.010169492,505,0.954455446,0.013861386
BUFFALO - WD MAS - ED 025,,493,0,278,0.95323741,0.025179856
BUFFALO - WD MAS - ED 026,,241,0,158,0.943037975,0.037974684
BUFFALO - WD MAS - ED 027,22,787,0.027954257,475,0.962105263,0.018947368
BUFFALO - WD MAS - ED 028,1,403,0.00248139,271,0.977859779,0.003690037
BUFFALO - WD MAS - ED 029,,411,0,266,0.958646617,0.026315789
BUFFALO - WD MAS - ED 030,,393,0,242,0.94214876,0.020661157
BUFFALO - WD MAS - ED 031,,216,0,126,0.976190476,0
BUFFALO - WD MAS - ED 032,4,697,0.005738881,393,0.961832061,0.005089059
BUFFALO - WD MAS - ED 033,3,719,0.004172462,378,0.955026455,0.021164021
BUFFALO - WD MAS - ED 034,3,210,0.014285714,108,0.898148148,0.074074074
BUFFALO - WD MAS - ED 035,5,399,0.012531328,241,0.970954357,0.008298755
BUFFALO - WD MAS - ED 036,5,409,0.012224939,229,0.956331878,0.026200873
BUFFALO - WD MAS - ED 037,,69,0,38,1,0
BUFFALO - WD MAS - ED 038,5,479,0.010438413,277,0.971119134,0.003610108
BUFFALO - WD MAS - ED 039,2,110,0.018181818,64,0.96875,0
BUFFALO - WD MAS - ED 040,3,389,0.007712082,223,0.941704036,0.035874439
BUFFALO - WD MAS - ED 041,,138,0,90,0.944444444,0
BUFFALO - WD MAS - ED 042,4,489,0.008179959,292,0.962328767,0.020547945
BUFFALO - WD NIA - ED 001,88,382,0.230366492,186,0.758064516,0.193548387
BUFFALO - WD NIA - ED 002,171,892,0.191704036,450,0.74,0.16
BUFFALO - WD NIA - ED 003,19,224,0.084821429,147,0.789115646,0.129251701
BUFFALO - WD NIA - ED 004,57,201,0.28358209,98,0.714285714,0.163265306
BUFFALO - WD NIA - ED 005,143,771,0.185473411,444,0.777027027,0.155405405
BUFFALO - WD NIA - ED 006,41,541,0.075785582,397,0.725440806,0.166246851
BUFFALO - WD NIA - ED 007,155,617,0.251215559,302,0.745033113,0.168874172
BUFFALO - WD NIA - ED 008,161,570,0.28245614,303,0.798679868,0.122112211
BUFFALO - WD NIA - ED 009,56,756,0.074074074,539,0.786641929,0.139146568
BUFFALO - WD NIA - ED 010,150,429,0.34965035,212,0.75,0.183962264
BUFFALO - WD NIA - ED 011,127,479,0.265135699,257,0.739299611,0.143968872
BUFFALO - WD NIA - ED 012,229,651,0.351766513,314,0.738853503,0.207006369
BUFFALO - WD NIA - ED 013,211,523,0.403441683,232,0.801724138,0.155172414
BUFFALO - WD NIA - ED 014,190,811,0.234278668,477,0.811320755,0.100628931
BUFFALO - WD NIA - ED 015,5,190,0.026315789,147,0.843537415,0.142857143
BUFFALO - WD NIA - ED 016,432,788,0.54822335,391,0.810741688,0.143222506
BUFFALO - WD NIA - ED 017,97,250,0.388,137,0.854014599,0.072992701
BUFFALO - WD NIA - ED 018,41,962,0.042619543,671,0.815201192,0.105812221
BUFFALO - WD NIA - ED 019,35,1132,0.030918728,778,0.794344473,0.12596401
BUFFALO - WD NIA - ED 020,111,259,0.428571429,122,0.754098361,0.163934426
BUFFALO - WD NIA - ED 021,278,832,0.334134615,487,0.770020534,0.162217659
BUFFALO - WD NIA - ED 022,130,333,0.39039039,180,0.755555556,0.166666667
BUFFALO - WD NIA - ED 023,96,344,0.279069767,215,0.753488372,0.190697674
BUFFALO - WD NIA - ED 024,90,566,0.159010601,396,0.818181818,0.101010101
BUFFALO - WD NIA - ED 025,54,806,0.066997519,557,0.798922801,0.114901257
BUFFALO - WD NIA - ED 026,7,366,0.019125683,267,0.74906367,0.164794007
BUFFALO - WD NIA - ED 027,90,307,0.293159609,148,0.756756757,0.155405405
BUFFALO - WD NIA - ED 028,121,490,0.246938776,302,0.738410596,0.155629139
BUFFALO - WD NOR - ED 001,11,712,0.015449438,429,0.554778555,0.370629371
BUFFALO - WD NOR - ED 002,65,776,0.083762887,425,0.567058824,0.378823529
BUFFALO - WD NOR - ED 003,99,429,0.230769231,220,0.772727273,0.190909091
BUFFALO - WD NOR - ED 004,16,375,0.042666667,252,0.615079365,0.317460317
BUFFALO - WD NOR - ED 005,70,792,0.088383838,398,0.620603015,0.283919598
BUFFALO - WD NOR - ED 006,147,659,0.22306525,333,0.660660661,0.312312312
BUFFALO - WD NOR - ED 007,195,576,0.338541667,292,0.70890411,0.229452055
BUFFALO - WD NOR - ED 008,23,104,0.221153846,49,0.530612245,0.408163265
BUFFALO - WD NOR - ED 009,58,437,0.132723112,301,0.524916944,0.428571429
BUFFALO - WD NOR - ED 010,21,371,0.056603774,248,0.697580645,0.237903226
BUFFALO - WD NOR - ED 011,23,504,0.045634921,351,0.60968661,0.290598291
BUFFALO - WD NOR - ED 012,137,820,0.167073171,436,0.681192661,0.263761468
BUFFALO - WD NOR - ED 013,148,684,0.216374269,320,0.68125,0.2375
BUFFALO - WD NOR - ED 014,88,408,0.215686275,194,0.644329897,0.304123711
BUFFALO - WD NOR - ED 015,100,254,0.393700787,127,0.755905512,0.220472441
BUFFALO - WD NOR - ED 016,58,451,0.128603104,264,0.587121212,0.34469697
BUFFALO - WD NOR - ED 017,115,467,0.246252677,265,0.743396226,0.218867925
BUFFALO - WD NOR - ED 018,130,783,0.166028097,353,0.586402266,0.320113314
BUFFALO - WD NOR - ED 019,162,670,0.241791045,336,0.770833333,0.1875
BUFFALO - WD NOR - ED 020,30,955,0.031413613,671,0.692995529,0.236959762
BUFFALO - WD NOR - ED 021,121,579,0.208981002,283,0.632508834,0.293286219
BUFFALO - WD NOR - ED 022,56,330,0.16969697,150,0.74,0.186666667
BUFFALO - WD NOR - ED 023,171,1321,0.129447388,732,0.678961749,0.240437158
BUFFALO - WD NOR - ED 024,10,474,0.021097046,375,0.701333333,0.226666667
BUFFALO - WD NOR - ED 025,105,384,0.2734375,166,0.644578313,0.265060241
BUFFALO - WD NOR - ED 026,173,1444,0.119806094,624,0.916666667,0.048076923
BUFFALO - WD NOR - ED 027,,83,0,69,0.637681159,0.231884058
BUFFALO - WD SOU - ED 001,36,313,0.115015974,173,0.50867052,0.410404624
BUFFALO - WD SOU - ED 002,55,1141,0.04820333,668,0.546407186,0.383233533
BUFFALO - WD SOU - ED 003,20,430,0.046511628,274,0.51459854,0.397810219
BUFFALO - WD SOU - ED 004,20,431,0.046403712,299,0.471571906,0.45819398
BUFFALO - WD SOU - ED 005,24,850,0.028235294,551,0.488203267,0.433756806
BUFFALO - WD SOU - ED 006,23,664,0.034638554,389,0.573264781,0.347043702
BUFFALO - WD SOU - ED 007,8,329,0.024316109,237,0.607594937,0.316455696
BUFFALO - WD SOU - ED 008,19,465,0.040860215,294,0.540816327,0.360544218
BUFFALO - WD SOU - ED 009,11,471,0.023354565,331,0.561933535,0.35347432
BUFFALO - WD SOU - ED 010,8,327,0.024464832,234,0.594017094,0.35042735
BUFFALO - WD SOU - ED 011,37,1410,0.026241135,799,0.53942428,0.385481852
BUFFALO - WD SOU - ED 012,69,740,0.093243243,457,0.520787746,0.43107221
BUFFALO - WD SOU - ED 013,19,371,0.051212938,265,0.520754717,0.39245283
BUFFALO - WD SOU - ED 014,16,417,0.038369305,301,0.588039867,0.318936877
BUFFALO - WD SOU - ED 015,22,371,0.059299191,250,0.58,0.348
BUFFALO - WD SOU - ED 016,24,820,0.029268293,506,0.488142292,0.42687747
BUFFALO - WD SOU - ED 017,23,766,0.03002611,530,0.498113208,0.422641509
BUFFALO - WD SOU - ED 018,10,621,0.01610306,491,0.564154786,0.344195519
BUFFALO - WD SOU - ED 019,8,319,0.02507837,181,0.486187845,0.386740331
BUFFALO - WD SOU - ED 020,5,365,0.01369863,224,0.544642857,0.388392857
BUFFALO - WD SOU - ED 021,,220,0,164,0.56097561,0.414634146
BUFFALO - WD SOU - ED 022,32,594,0.053872054,365,0.430136986,0.487671233
BUFFALO - WD SOU - ED 023,19,601,0.031613977,408,0.480392157,0.450980392
BUFFALO - WD SOU - ED 024,7,640,0.0109375,473,0.56448203,0.363636364
BUFFALO - WD SOU - ED 025,2,901,0.002219756,687,0.467248908,0.449781659
BUFFALO - WD SOU - ED 026,6,430,0.013953488,313,0.466453674,0.45686901
BUFFALO - WD SOU - ED 027,15,569,0.026362039,380,0.494736842,0.434210526
BUFFALO - WD SOU - ED 028,6,839,0.007151371,635,0.502362205,0.418897638
BUFFALO - WD SOU - ED 029,21,463,0.045356371,293,0.4778157,0.436860068
BUFFALO - WD SOU - ED 030,6,577,0.010398614,455,0.547252747,0.395604396
BUFFALO - WD UNI - ED 001,8,250,0.032,183,0.666666667,0.267759563
BUFFALO - WD UNI - ED 002,12,734,0.016348774,464,0.717672414,0.200431034
BUFFALO - WD UNI - ED 003,5,555,0.009009009,460,0.7,0.210869565
BUFFALO - WD UNI - ED 004,32,561,0.057040998,432,0.796296296,0.134259259
BUFFALO - WD UNI - ED 005,25,563,0.044404973,399,0.714285714,0.228070175
BUFFALO - WD UNI - ED 006,11,264,0.041666667,180,0.761111111,0.166666667
BUFFALO - WD UNI - ED 007,34,884,0.038461538,669,0.698056801,0.233183857
BUFFALO - WD UNI - ED 008,7,338,0.020710059,183,0.868852459,0.071038251
BUFFALO - WD UNI - ED 009,2,222,0.009009009,137,0.861313869,0.087591241
BUFFALO - WD UNI - ED 010,22,1247,0.017642342,741,0.904183536,0.062078273
BUFFALO - WD UNI - ED 011,14,685,0.020437956,401,0.877805486,0.082294264
BUFFALO - WD UNI - ED 012,22,975,0.022564103,654,0.896024465,0.064220183
BUFFALO - WD UNI - ED 013,14,1060,0.013207547,646,0.914860681,0.051083591
BUFFALO - WD UNI - ED 014,32,623,0.051364366,370,0.883783784,0.075675676
BUFFALO - WD UNI - ED 015,10,633,0.015797788,387,0.935400517,0.033591731
BUFFALO - WD UNI - ED 016,24,1009,0.023785927,567,0.947089947,0.021164021
BUFFALO - WD UNI - ED 017,3,591,0.005076142,395,0.888607595,0.078481013
BUFFALO - WD UNI - ED 018,1,329,0.003039514,186,0.978494624,0.005376344
BUFFALO - WD UNI - ED 019,8,818,0.009779951,451,0.960088692,0.024390244
BUFFALO - WD UNI - ED 020,4,526,0.007604563,336,0.931547619,0.041666667
BUFFALO - WD UNI - ED 021,2,763,0.002621232,443,0.941309255,0.042889391
BUFFALO - WD UNI - ED 022,1,511,0.001956947,321,0.925233645,0.040498442
BUFFALO - WD UNI - ED 023,14,1028,0.013618677,540,0.955555556,0.022222222
BUFFALO - WD UNI - ED 024,12,856,0.014018692,521,0.965451056,0.02303263
BUFFALO - WD UNI - ED 025,,936,0,596,0.934563758,0.043624161
BUFFALO - WD UNI - ED 026,,660,0,370,0.910810811,0.072972973
BUFFALO - WD UNI - ED 027,,329,0,190,0.936842105,0.036842105
CHEEKTOWAGA - ED 001,2,945,0.002116402,701,0.407988588,0.532097004
CHEEKTOWAGA - ED 002,1,572,0.001748252,410,0.402439024,0.551219512
CHEEKTOWAGA - ED 003,3,377,0.00795756,252,0.357142857,0.583333333
CHEEKTOWAGA - ED 004,,401,0,286,0.339160839,0.587412587
CHEEKTOWAGA - ED 005,3,648,0.00462963,444,0.416666667,0.542792793
CHEEKTOWAGA - ED 006,3,482,0.006224066,331,0.447129909,0.471299094
CHEEKTOWAGA - ED 007,9,801,0.011235955,571,0.395796848,0.535901926
CHEEKTOWAGA - ED 008,1,54,0.018518519,38,0.394736842,0.5
CHEEKTOWAGA - ED 009,2,748,0.002673797,514,0.406614786,0.519455253
CHEEKTOWAGA - ED 010,,612,0,434,0.414746544,0.511520737
CHEEKTOWAGA - ED 011,,338,0,237,0.417721519,0.523206751
CHEEKTOWAGA - ED 012,3,899,0.003337041,694,0.536023055,0.391930836
CHEEKTOWAGA - ED 013,6,840,0.007142857,641,0.531981279,0.404056162
CHEEKTOWAGA - ED 014,8,642,0.012461059,465,0.498924731,0.412903226
CHEEKTOWAGA - ED 015,30,1051,0.028544244,745,0.753020134,0.212080537
CHEEKTOWAGA - ED 016,41,1001,0.040959041,639,0.729264476,0.212832551
CHEEKTOWAGA - ED 017,,20,0,17,0.117647059,0.764705882
CHEEKTOWAGA - ED 018,15,842,0.017814727,588,0.380952381,0.55952381
CHEEKTOWAGA - ED 019,1,673,0.001485884,485,0.397938144,0.550515464
CHEEKTOWAGA - ED 020,5,600,0.008333333,431,0.517401392,0.399071926
CHEEKTOWAGA - ED 021,9,750,0.012,506,0.454545455,0.456521739
CHEEKTOWAGA - ED 022,28,1055,0.026540284,631,0.505546751,0.438985737
CHEEKTOWAGA - ED 023,1,397,0.002518892,302,0.503311258,0.413907285
CHEEKTOWAGA - ED 024,,540,0,395,0.435443038,0.516455696
CHEEKTOWAGA - ED 025,4,465,0.008602151,316,0.398734177,0.522151899
CHEEKTOWAGA - ED 026,13,440,0.029545455,284,0.51056338,0.401408451
CHEEKTOWAGA - ED 027,6,328,0.018292683,212,0.603773585,0.339622642
CHEEKTOWAGA - ED 028,2,811,0.002466091,576,0.34375,0.598958333
CHEEKTOWAGA - ED 029,3,393,0.007633588,237,0.455696203,0.46835443
CHEEKTOWAGA - ED 030,25,462,0.054112554,245,0.583673469,0.367346939
CHEEKTOWAGA - ED 031,28,946,0.029598309,630,0.779365079,0.185714286
CHEEKTOWAGA - ED 032,9,176,0.051136364,105,0.647619048,0.276190476
CHEEKTOWAGA - ED 033,15,892,0.016816143,569,0.734622144,0.219683656
CHEEKTOWAGA - ED 034,6,675,0.008888889,425,0.621176471,0.312941176
CHEEKTOWAGA - ED 035,8,860,0.009302326,612,0.444444444,0.5
CHEEKTOWAGA - ED 036,2,323,0.00619195,243,0.481481481,0.423868313
CHEEKTOWAGA - ED 037,6,421,0.014251781,289,0.474048443,0.44982699
CHEEKTOWAGA - ED 038,4,349,0.011461318,229,0.375545852,0.510917031
CHEEKTOWAGA - ED 039,1,475,0.002105263,326,0.493865031,0.417177914
CHEEKTOWAGA - ED 040,3,624,0.004807692,478,0.414225941,0.514644351
CHEEKTOWAGA - ED 041,7,907,0.007717751,624,0.461538462,0.466346154
CHEEKTOWAGA - ED 042,17,591,0.028764805,332,0.728915663,0.231927711
CHEEKTOWAGA - ED 043,22,1328,0.016566265,840,0.570238095,0.380952381
CHEEKTOWAGA - ED 044,13,710,0.018309859,477,0.482180294,0.442348008
CHEEKTOWAGA - ED 045,18,677,0.026587888,430,0.669767442,0.251162791
CHEEKTOWAGA - ED 046,2,792,0.002525253,534,0.368913858,0.56741573
CHEEKTOWAGA - ED 047,,720,0,468,0.373931624,0.568376068
CHEEKTOWAGA - ED 048,4,721,0.00554785,486,0.446502058,0.497942387
CHEEKTOWAGA - ED 049,6,568,0.01056338,389,0.434447301,0.508997429
CHEEKTOWAGA - ED 050,2,842,0.002375297,612,0.45751634,0.491830065
CHEEKTOWAGA - ED 051,5,369,0.013550136,239,0.355648536,0.573221757
CHEEKTOWAGA - ED 052,2,396,0.005050505,281,0.427046263,0.508896797
CHEEKTOWAGA - ED 053,11,829,0.013268999,634,0.411671924,0.547318612
CHEEKTOWAGA - ED 054,5,549,0.009107468,361,0.393351801,0.559556787
CHEEKTOWAGA - ED 055,2,511,0.003913894,361,0.423822715,0.520775623
CHEEKTOWAGA - ED 056,4,539,0.00742115,339,0.412979351,0.530973451
CHEEKTOWAGA - ED 057,17,467,0.03640257,307,0.403908795,0.540716612
CHEEKTOWAGA - ED 058,2,280,0.007142857,207,0.367149758,0.570048309
CHEEKTOWAGA - ED 059,2,829,0.002412545,593,0.396290051,0.539629005
CHEEKTOWAGA - ED 060,2,407,0.004914005,302,0.470198675,0.490066225
CHEEKTOWAGA - ED 061,3,472,0.006355932,348,0.41954023,0.545977011
CHEEKTOWAGA - ED 062,1,396,0.002525253,291,0.436426117,0.494845361
CHEEKTOWAGA - ED 063,,552,0,402,0.383084577,0.567164179
CHEEKTOWAGA - ED 064,2,344,0.005813953,226,0.398230088,0.522123894
CHEEKTOWAGA - ED 065,2,465,0.004301075,346,0.442196532,0.5
CHEEKTOWAGA - ED 066,1,357,0.00280112,229,0.532751092,0.414847162
CHEEKTOWAGA - ED 067,14,586,0.023890785,356,0.592696629,0.351123596
CHEEKTOWAGA - ED 068,1,473,0.002114165,371,0.374663073,0.555256065
CHEEKTOWAGA - ED 069,3,388,0.007731959,271,0.464944649,0.479704797
CHEEKTOWAGA - ED 070,9,1575,0.005714286,1235,0.383805668,0.561133603
CHEEKTOWAGA - ED 071,18,632,0.028481013,436,0.630733945,0.291284404
CHEEKTOWAGA - ED 072,,425,0,322,0.48136646,0.462732919
CHEEKTOWAGA - ED 073,2,533,0.003752345,345,0.48115942,0.428985507
CHEEKTOWAGA - ED 074,8,1108,0.007220217,824,0.438106796,0.514563107
CHEEKTOWAGA - ED 075,5,446,0.011210762,259,0.517374517,0.436293436
CHEEKTOWAGA - ED 076,4,665,0.006015038,453,0.406181015,0.529801325
CHEEKTOWAGA - ED 077,,269,0,210,0.423809524,0.514285714
CHEEKTOWAGA - ED 078,2,334,0.005988024,226,0.389380531,0.548672566
CHEEKTOWAGA - ED 079,7,877,0.007981756,630,0.411111111,0.522222222
CHEEKTOWAGA - ED 080,4,478,0.008368201,349,0.361031519,0.598853868
CHEEKTOWAGA - ED 081,7,692,0.010115607,512,0.40625,0.541015625
CHEEKTOWAGA - ED 082,3,725,0.004137931,460,0.434782609,0.508695652
CHEEKTOWAGA - ED 083,2,724,0.002762431,564,0.333333333,0.595744681
CHEEKTOWAGA - ED 084,5,757,0.00660502,549,0.424408015,0.515482696
CHEEKTOWAGA - ED 085,10,741,0.013495277,529,0.364839319,0.574669187
CHEEKTOWAGA - ED 086,7,653,0.010719755,451,0.407982262,0.525498891
CHEEKTOWAGA - ED 087,,450,0,335,0.358208955,0.591044776
CHEEKTOWAGA - ED 088,3,463,0.006479482,296,0.398648649,0.554054054
CHEEKTOWAGA - ED 089,,540,0,367,0.435967302,0.490463215
CHEEKTOWAGA - ED 090,,491,0,350,0.46,0.485714286
CHEEKTOWAGA - ED 091,,669,0,493,0.438133874,0.496957404
CHEEKTOWAGA - ED 092,3,606,0.004950495,411,0.486618005,0.437956204
CHEEKTOWAGA - ED 093,2,337,0.005934718,231,0.454545455,0.484848485
CHEEKTOWAGA - ED 094,1,458,0.002183406,314,0.363057325,0.589171975
CHEEKTOWAGA - ED 095,7,865,0.008092486,579,0.324697755,0.632124352
CITY OF LACKAWANNA - WD 001 - ED 001,46,512,0.08984375,310,0.451612903,0.496774194
CITY OF LACKAWANNA - WD 001 - ED 002,166,825,0.201212121,446,0.955156951,0.031390135
CITY OF LACKAWANNA - WD 001 - ED 003,80,656,0.12195122,284,0.89084507,0.077464789
CITY OF LACKAWANNA - WD 001 - ED 004,76,688,0.110465116,419,0.935560859,0.040572792
CITY OF LACKAWANNA - WD 001 - ED 005,14,287,0.048780488,151,0.59602649,0.38410596
CITY OF LACKAWANNA - WD 002 - ED 001,71,661,0.107413011,368,0.581521739,0.342391304
CITY OF LACKAWANNA - WD 002 - ED 002,25,436,0.05733945,259,0.517374517,0.420849421
CITY OF LACKAWANNA - WD 002 - ED 003,9,421,0.021377672,269,0.464684015,0.49070632
CITY OF LACKAWANNA - WD 002 - ED 004,8,529,0.015122873,308,0.444805195,0.525974026
CITY OF LACKAWANNA - WD 002 - ED 005,30,672,0.044642857,396,0.454545455,0.462121212
CITY OF LACKAWANNA - WD 003 - ED 001,1,487,0.002053388,354,0.494350282,0.435028249
CITY OF LACKAWANNA - WD 003 - ED 002,12,731,0.016415869,503,0.520874751,0.413518887
CITY OF LACKAWANNA - WD 003 - ED 003,7,624,0.011217949,418,0.516746411,0.43062201
CITY OF LACKAWANNA - WD 003 - ED 004,39,844,0.046208531,578,0.551903114,0.410034602
CITY OF LACKAWANNA - WD 003 - ED 005,16,495,0.032323232,268,0.421641791,0.503731343
CITY OF LACKAWANNA - WD 004 - ED 001,41,736,0.055706522,528,0.446969697,0.501893939
CITY OF LACKAWANNA - WD 004 - ED 002,5,661,0.007564297,477,0.48427673,0.461215933
CITY OF LACKAWANNA - WD 004 - ED 003,14,505,0.027722772,358,0.460893855,0.483240223
CITY OF LACKAWANNA - WD 004 - ED 004,17,558,0.03046595,421,0.460807601,0.479809976
CITY OF LACKAWANNA - WD 004 - ED 005,26,623,0.041733547,434,0.49078341,0.451612903
CITY OF TONAWANDA - WD 001 - ED 001,1,526,0.001901141,373,0.332439678,0.581769437
CITY OF TONAWANDA - WD 001 - ED 002,2,954,0.002096436,732,0.418032787,0.50136612
CITY OF TONAWANDA - WD 001 - ED 003,1,959,0.001042753,678,0.411504425,0.510324484
CITY OF TONAWANDA - WD 002 - ED 001,2,767,0.002607562,492,0.43495935,0.481707317
CITY OF TONAWANDA - WD 002 - ED 002,,718,0,487,0.410677618,0.498973306
CITY OF TONAWANDA - WD 002 - ED 003,,844,0,625,0.4384,0.4848
CITY OF TONAWANDA - WD 003 - ED 001,1,827,0.00120919,564,0.441489362,0.484042553
CITY OF TONAWANDA - WD 003 - ED 002,1,757,0.001321004,550,0.38,0.536363636
CITY OF TONAWANDA - WD 003 - ED 003,1,793,0.001261034,551,0.441016334,0.490018149
CITY OF TONAWANDA - WD 004 - ED 001,2,932,0.002145923,672,0.382440476,0.540178571
CITY OF TONAWANDA - WD 004 - ED 002,1,820,0.001219512,583,0.411663808,0.518010292
CITY OF TONAWANDA - WD 004 - ED 003,1,838,0.001193317,656,0.397865854,0.539634146
CLARENCE - ED 001,,822,0,647,0.381761978,0.550231839
CLARENCE - ED 002,4,1034,0.003868472,867,0.316032295,0.614763552
CLARENCE - ED 003,,1208,0,936,0.273504274,0.661324786
CLARENCE - ED 004,5,669,0.007473842,515,0.357281553,0.572815534
CLARENCE - ED 005,1,1147,0.00087184,875,0.358857143,0.586285714
CLARENCE - ED 006,9,1440,0.00625,1108,0.416064982,0.509025271
CLARENCE - ED 007,5,1516,0.003298153,1166,0.381646655,0.558319039
CLARENCE - ED 008,1,1196,0.00083612,985,0.344162437,0.591878173
CLARENCE - ED 009,2,761,0.002628121,595,0.376470588,0.541176471
CLARENCE - ED 010,2,745,0.002684564,574,0.385017422,0.56097561
CLARENCE - ED 011,2,1041,0.00192123,816,0.371323529,0.574754902
CLARENCE - ED 012,2,927,0.002157497,754,0.287798408,0.641909814
CLARENCE - ED 013,2,733,0.002728513,567,0.379188713,0.576719577
CLARENCE - ED 014,1,1189,0.000841043,879,0.327645051,0.602957907
CLARENCE - ED 015,4,1192,0.003355705,923,0.41603467,0.525460455
CLARENCE - ED 016,5,1384,0.003612717,1150,0.355652174,0.568695652
CLARENCE - ED 017,5,880,0.005681818,688,0.412790698,0.524709302
CLARENCE - ED 018,1,684,0.001461988,538,0.347583643,0.568773234
CLARENCE - ED 019,4,820,0.004878049,634,0.321766562,0.61829653
CLARENCE - ED 020,1,1586,0.000630517,1175,0.380425532,0.575319149
CLARENCE - ED 021,3,1449,0.002070393,1191,0.29806885,0.638958858
CLARENCE - ED 022,9,1003,0.008973081,764,0.410994764,0.511780105
COLDEN - ED 001,1,899,0.001112347,686,0.339650146,0.571428571
COLDEN - ED 002,,713,0,562,0.318505338,0.604982206
COLDEN - ED 003,,803,0,633,0.265402844,0.701421801
COLLINS - ED 001,,781,0,589,0.271646859,0.674023769
COLLINS - ED 002,8,443,0.018058691,296,0.408783784,0.523648649
COLLINS - ED 003,,710,0,516,0.242248062,0.682170543
COLLINS - ED 004,8,892,0.00896861,490,0.420408163,0.506122449
CONCORD - ED 001,4,813,0.004920049,595,0.329411765,0.594957983
CONCORD - ED 002,,619,0,500,0.256,0.702
CONCORD - ED 003,,774,0,592,0.277027027,0.672297297
CONCORD - ED 004,,443,0,313,0.408945687,0.511182109
CONCORD - ED 005,,681,0,536,0.376865672,0.557835821
CONCORD - ED 006,,521,0,380,0.228947368,0.715789474
CONCORD - ED 007,2,948,0.002109705,675,0.348148148,0.573333333
CONCORD - ED 008,,556,0,406,0.300492611,0.647783251
EDEN - ED 001,,842,0,638,0.274294671,0.650470219
EDEN - ED 002,,1039,0,772,0.296632124,0.626943005
EDEN - ED 003,,994,0,763,0.322411533,0.612057667
EDEN - ED 004,,760,0,610,0.326229508,0.619672131
EDEN - ED 005,,942,0,729,0.300411523,0.644718793
EDEN - ED 006,1,680,0.001470588,544,0.363970588,0.568014706
ELMA - ED 001,,1484,0,1178,0.300509338,0.643463497
ELMA - ED 002,,963,0,734,0.288828338,0.645776567
ELMA - ED 003,,1200,0,974,0.308008214,0.63449692
ELMA - ED 004,,1274,0,973,0.291880781,0.659815005
ELMA - ED 005,,1166,0,958,0.262004175,0.670146138
ELMA - ED 006,,962,0,801,0.309612984,0.611735331
ELMA - ED 007,,1075,0,879,0.281001138,0.650739477
ELMA - ED 008,,691,0,571,0.285464098,0.669001751
EVANS - ED 001,2,997,0.002006018,729,0.364883402,0.580246914
EVANS - ED 002,1,443,0.002257336,321,0.255451713,0.697819315
EVANS - ED 003,1,616,0.001623377,465,0.372043011,0.561290323
EVANS - ED 004,8,439,0.018223235,314,0.420382166,0.503184713
EVANS - ED 005,4,879,0.004550626,626,0.416932907,0.533546326
EVANS - ED 006,,642,0,454,0.422907489,0.517621145
EVANS - ED 007,2,585,0.003418803,387,0.335917313,0.594315245
EVANS - ED 008,6,480,0.0125,327,0.443425076,0.498470948
EVANS - ED 009,7,706,0.009915014,475,0.364210526,0.555789474
EVANS - ED 010,3,958,0.003131524,688,0.318313953,0.61627907
EVANS - ED 011,5,420,0.011904762,303,0.412541254,0.531353135
EVANS - ED 012,,832,0,579,0.407599309,0.523316062
EVANS - ED 013,3,687,0.004366812,491,0.372708758,0.572301426
EVANS - ED 014,3,733,0.004092769,505,0.312871287,0.635643564
EVANS - ED 015,1,260,0.003846154,197,0.279187817,0.644670051
EVANS - ED 016,8,835,0.009580838,596,0.419463087,0.176174497
EVANS - ED 017,,612,0,398,0.349246231,0.603015075
GRAND ISLAND - ED 001,13,884,0.014705882,671,0.321907601,0.603576751
GRAND ISLAND - ED 002,21,1099,0.01910828,811,0.379778052,0.565967941
GRAND ISLAND - ED 003,8,1632,0.004901961,1271,0.402832415,0.531077891
GRAND ISLAND - ED 004,7,1116,0.006272401,850,0.367058824,0.555294118
GRAND ISLAND - ED 005,6,1397,0.004294918,1074,0.338919926,0.59310987
GRAND ISLAND - ED 006,4,951,0.004206099,736,0.347826087,0.588315217
GRAND ISLAND - ED 007,11,964,0.011410788,705,0.378723404,0.565957447
GRAND ISLAND - ED 008,6,1322,0.004538578,1006,0.390656064,0.546719682
GRAND ISLAND - ED 009,10,1016,0.00984252,705,0.390070922,0.506382979
GRAND ISLAND - ED 010,7,810,0.008641975,609,0.379310345,0.564860427
GRAND ISLAND - ED 011,17,1279,0.013291634,943,0.419936373,0.503711559
GRAND ISLAND - ED 012,28,1515,0.018481848,1051,0.422454805,0.504281637
GRAND ISLAND - ED 013,9,1496,0.006016043,1053,0.383665717,0.550807217
HAMBURG - ED 001,,1045,0,732,0.37295082,0.566939891
HAMBURG - ED 002,10,619,0.016155089,434,0.394009217,0.516129032
HAMBURG - ED 003,7,920,0.007608696,608,0.378289474,0.541118421
HAMBURG - ED 004,2,1140,0.001754386,802,0.390274314,0.546134663
HAMBURG - ED 005,7,1210,0.005785124,870,0.412643678,0.54137931
HAMBURG - ED 006,1,931,0.001074114,684,0.366959064,0.571637427
HAMBURG - ED 007,1,1134,0.000881834,863,0.396292005,0.537659328
HAMBURG - ED 008,7,968,0.007231405,708,0.443502825,0.511299435
HAMBURG - ED 009,,1213,0,913,0.406352683,0.530120482
HAMBURG - ED 010,7,1050,0.006666667,684,0.42251462,0.520467836
HAMBURG - ED 011,8,1266,0.006319115,957,0.42215256,0.530825496
HAMBURG - ED 012,,407,0,307,0.38762215,0.566775244
HAMBURG - ED 013,,1091,0,860,0.348837209,0.587209302
HAMBURG - ED 014,,1016,0,742,0.424528302,0.509433962
HAMBURG - ED 015,2,960,0.002083333,699,0.39055794,0.540772532
HAMBURG - ED 016,8,1353,0.005912786,1026,0.390838207,0.530214425
HAMBURG - ED 017,1,833,0.00120048,610,0.518032787,0.421311475
HAMBURG - ED 018,14,1027,0.013631938,741,0.363022942,0.576248313
HAMBURG - ED 019,22,1452,0.015151515,1000,0.411,0.528
HAMBURG - ED 020,,735,0,582,0.362542955,0.572164948
HAMBURG - ED 021,2,1105,0.001809955,838,0.403341289,0.526252983
HAMBURG - ED 022,,1030,0,792,0.41540404,0.531565657
HAMBURG - ED 023,14,792,0.017676768,622,0.353697749,0.594855305
HAMBURG - ED 024,11,966,0.011387164,753,0.365205843,0.585657371
HAMBURG - ED 025,10,964,0.010373444,688,0.486918605,0.44622093
HAMBURG - ED 026,4,766,0.005221932,599,0.317195326,0.624373957
HAMBURG - ED 027,2,1299,0.001539646,967,0.442605998,0.491209928
HAMBURG - ED 028,2,900,0.002222222,665,0.401503759,0.526315789
HAMBURG - ED 029,,824,0,659,0.453717754,0.471927162
HAMBURG - ED 030,5,761,0.006570302,583,0.504288165,0.421955403
HAMBURG - ED 031,21,1258,0.016693164,962,0.467775468,0.455301455
HAMBURG - ED 032,6,1030,0.005825243,726,0.484848485,0.429752066
HAMBURG - ED 033,2,994,0.002012072,770,0.466233766,0.448051948
HAMBURG - ED 034,6,1142,0.00525394,904,0.392699115,0.549778761
HAMBURG - ED 035,5,924,0.005411255,730,0.426027397,0.512328767
HAMBURG - ED 036,5,1169,0.00427716,897,0.367892977,0.575250836
HAMBURG - ED 037,5,1165,0.004291845,909,0.420242024,0.511551155
HAMBURG - ED 038,13,1412,0.009206799,1143,0.357830271,0.590551181
HAMBURG - ED 039,,507,0,371,0.334231806,0.601078167
HAMBURG - ED 040,2,626,0.003194888,483,0.399585921,0.530020704
HAMBURG - ED 041,2,860,0.002325581,677,0.345642541,0.589364845
HOLLAND - ED 001,,749,0,559,0.264758497,0.677996422
HOLLAND - ED 002,1,820,0.001219512,579,0.307426598,0.601036269
HOLLAND - ED 003,,693,0,537,0.240223464,0.720670391
LANCASTER - ED 001,11,1352,0.008136095,996,0.396586345,0.522088353
LANCASTER - ED 002,,751,0,523,0.426386233,0.48374761
LANCASTER - ED 003,5,992,0.005040323,718,0.413649025,0.504178273
LANCASTER - ED 004,1,757,0.001321004,523,0.340344168,0.608030593
LANCASTER - ED 005,5,1135,0.004405286,730,0.316438356,0.616438356
LANCASTER - ED 006,4,897,0.004459309,638,0.352664577,0.570532915
LANCASTER - ED 007,5,467,0.010706638,344,0.363372093,0.587209302
LANCASTER - ED 008,,952,0,639,0.352112676,0.572769953
LANCASTER - ED 009,12,945,0.012698413,678,0.410029499,0.556047198
LANCASTER - ED 010,2,1356,0.001474926,806,0.390818859,0.534739454
LANCASTER - ED 011,,962,0,712,0.358146067,0.55758427
LANCASTER - ED 012,,776,0,608,0.376644737,0.5625
LANCASTER - ED 013,1,906,0.001103753,592,0.347972973,0.591216216
LANCASTER - ED 014,6,707,0.008486563,551,0.35753176,0.593466425
LANCASTER - ED 015,2,891,0.002244669,709,0.334273625,0.581100141
LANCASTER - ED 016,13,1200,0.010833333,921,0.330076004,0.609120521
LANCASTER - ED 017,7,1022,0.006849315,829,0.312424608,0.641737033
LANCASTER - ED 018,6,564,0.010638298,443,0.250564334,0.679458239
LANCASTER - ED 019,6,652,0.009202454,540,0.324074074,0.627777778
LANCASTER - ED 020,4,860,0.004651163,670,0.367164179,0.576119403
LANCASTER - ED 021,1,866,0.001154734,649,0.389830508,0.560862866
LANCASTER - ED 022,9,1440,0.00625,1173,0.407502131,0.540494459
LANCASTER - ED 023,6,1177,0.005097706,932,0.330472103,0.61695279
LANCASTER - ED 024,3,713,0.004207574,539,0.326530612,0.617810761
LANCASTER - ED 025,2,877,0.002280502,662,0.391238671,0.531722054
LANCASTER - ED 026,3,869,0.003452244,631,0.377179081,0.568938193
LANCASTER - ED 027,2,941,0.002125399,680,0.341176471,0.582352941
LANCASTER - ED 028,5,701,0.007132668,527,0.388994307,0.542694497
LANCASTER - ED 029,2,857,0.002333722,679,0.381443299,0.556701031
LANCASTER - ED 030,4,680,0.005882353,489,0.331288344,0.611451943
LANCASTER - ED 031,,934,0,733,0.2946794,0.657571623
LANCASTER - ED 032,3,713,0.004207574,513,0.350877193,0.592592593
LANCASTER - ED 033,8,1267,0.006314128,925,0.427027027,0.513513514
LANCASTER - ED 034,7,858,0.008158508,665,0.390977444,0.533834586
MARILLA - ED 001,1,1005,0.000995025,782,0.249360614,0.681585678
MARILLA - ED 002,2,1010,0.001980198,811,0.224414303,0.727496917
MARILLA - ED 003,2,1000,0.002,770,0.202597403,0.745454545
MARILLA - ED 004,,865,0,698,0.203438395,0.736389685
NEWSTEAD - ED 001,1,946,0.001057082,691,0.290882779,0.665701881
NEWSTEAD - ED 002,,695,0,533,0.262664165,0.688555347
NEWSTEAD - ED 003,1,1477,0.000677048,1147,0.246730602,0.693112467
NEWSTEAD - ED 004,2,1049,0.001906578,763,0.342070773,0.588466579
NEWSTEAD - ED 005,,884,0,662,0.291540785,0.602719033
NEWSTEAD - ED 006,,951,0,703,0.241820768,0.691322902
NORTH COLLINS - ED 001,1,699,0.001430615,483,0.302277433,0.635610766
NORTH COLLINS - ED 002,1,815,0.001226994,625,0.2448,0.7072
NORTH COLLINS - ED 003,,802,0,579,0.283246978,0.651122625
ORCHARD PARK - ED 001,1,676,0.00147929,527,0.459203036,0.447817837
ORCHARD PARK - ED 002,2,915,0.002185792,717,0.485355649,0.433751743
ORCHARD PARK - ED 003,2,778,0.002570694,609,0.490968801,0.446633826
ORCHARD PARK - ED 004,1,1106,0.000904159,881,0.332576617,0.587968218
ORCHARD PARK - ED 005,,1268,0,970,0.394845361,0.510309278
ORCHARD PARK - ED 006,,756,0,581,0.327022375,0.600688468
ORCHARD PARK - ED 007,8,887,0.009019166,688,0.341569767,0.610465116
ORCHARD PARK - ED 008,15,1075,0.013953488,800,0.35125,0.585
ORCHARD PARK - ED 009,2,1247,0.001603849,937,0.425827108,0.513340448
ORCHARD PARK - ED 010,2,803,0.00249066,595,0.406722689,0.500840336
ORCHARD PARK - ED 011,6,1048,0.005725191,789,0.391634981,0.553865653
ORCHARD PARK - ED 012,2,819,0.002442002,655,0.419847328,0.500763359
ORCHARD PARK - ED 013,15,1004,0.014940239,797,0.362609787,0.582183187
ORCHARD PARK - ED 014,,874,0,658,0.313069909,0.630699088
ORCHARD PARK - ED 015,11,1020,0.010784314,804,0.370646766,0.562189055
ORCHARD PARK - ED 016,1,1009,0.00099108,767,0.39243807,0.521512386
ORCHARD PARK - ED 017,4,1211,0.003303055,897,0.35451505,0.580824972
ORCHARD PARK - ED 018,17,1293,0.013147718,1054,0.383301708,0.528462998
ORCHARD PARK - ED 019,8,1455,0.005498282,1057,0.418164617,0.512771996
ORCHARD PARK - ED 020,2,1226,0.001631321,976,0.386270492,0.533811475
ORCHARD PARK - ED 021,1,1234,0.000810373,942,0.359872611,0.569002123
SARDINIA - ED 001,1,906,0.001103753,675,0.288888889,0.657777778
SARDINIA - ED 002,,1077,0,801,0.22721598,0.721598002
TOWN OF TONAWANDA - ED 001,11,738,0.014905149,526,0.545627376,0.359315589
TOWN OF TONAWANDA - ED 002,6,594,0.01010101,453,0.571743929,0.348785872
TOWN OF TONAWANDA - ED 003,14,764,0.018324607,558,0.573476703,0.358422939
TOWN OF TONAWANDA - ED 004,4,573,0.006980803,400,0.5225,0.4075
TOWN OF TONAWANDA - ED 005,32,730,0.043835616,527,0.628083491,0.313092979
TOWN OF TONAWANDA - ED 006,20,731,0.027359781,573,0.596858639,0.34904014
TOWN OF TONAWANDA - ED 007,6,651,0.00921659,491,0.594704684,0.33401222
TOWN OF TONAWANDA - ED 008,4,574,0.006968641,430,0.579069767,0.344186047
TOWN OF TONAWANDA - ED 009,,606,0,502,0.56374502,0.358565737
TOWN OF TONAWANDA - ED 010,6,712,0.008426966,523,0.609942639,0.321223709
TOWN OF TONAWANDA - ED 011,,577,0,437,0.633867277,0.308924485
TOWN OF TONAWANDA - ED 012,6,608,0.009868421,409,0.569682152,0.371638142
TOWN OF TONAWANDA - ED 013,3,594,0.005050505,461,0.52494577,0.381778742
TOWN OF TONAWANDA - ED 014,5,611,0.008183306,453,0.587196468,0.344370861
TOWN OF TONAWANDA - ED 015,10,871,0.011481056,605,0.550413223,0.383471074
TOWN OF TONAWANDA - ED 016,10,751,0.013315579,521,0.499040307,0.418426104
TOWN OF TONAWANDA - ED 017,10,1015,0.009852217,781,0.448143406,0.467349552
TOWN OF TONAWANDA - ED 018,10,764,0.013089005,500,0.446,0.48
TOWN OF TONAWANDA - ED 019,7,1215,0.005761317,927,0.425026969,0.486515642
TOWN OF TONAWANDA - ED 020,19,482,0.039419087,278,0.496402878,0.464028777
TOWN OF TONAWANDA - ED 021,11,1147,0.009590235,767,0.409387223,0.525423729
TOWN OF TONAWANDA - ED 022,3,573,0.005235602,446,0.392376682,0.551569507
TOWN OF TONAWANDA - ED 023,33,975,0.033846154,486,0.567901235,0.366255144
TOWN OF TONAWANDA - ED 024,5,596,0.008389262,444,0.439189189,0.484234234
TOWN OF TONAWANDA - ED 025,19,872,0.021788991,572,0.538461538,0.368881119
TOWN OF TONAWANDA - ED 026,2,609,0.003284072,462,0.426406926,0.46969697
TOWN OF TONAWANDA - ED 027,1,362,0.002762431,282,0.404255319,0.524822695
TOWN OF TONAWANDA - ED 028,9,842,0.010688836,575,0.551304348,0.393043478
TOWN OF TONAWANDA - ED 029,3,330,0.009090909,236,0.576271186,0.351694915
TOWN OF TONAWANDA - ED 030,4,571,0.007005254,424,0.464622642,0.455188679
TOWN OF TONAWANDA - ED 031,11,510,0.021568627,388,0.510309278,0.399484536
TOWN OF TONAWANDA - ED 032,10,592,0.016891892,410,0.443902439,0.473170732
TOWN OF TONAWANDA - ED 033,8,510,0.015686275,399,0.4160401,0.518796992
TOWN OF TONAWANDA - ED 034,5,323,0.015479876,240,0.4,0.5375
TOWN OF TONAWANDA - ED 035,3,500,0.006,385,0.405194805,0.555844156
TOWN OF TONAWANDA - ED 036,1,575,0.00173913,443,0.544018059,0.379232506
TOWN OF TONAWANDA - ED 037,,560,0,416,0.463942308,0.46875
TOWN OF TONAWANDA - ED 038,3,495,0.006060606,358,0.502793296,0.43575419
TOWN OF TONAWANDA - ED 039,1,489,0.00204499,385,0.514285714,0.431168831
TOWN OF TONAWANDA - ED 040,9,884,0.010180995,634,0.458990536,0.47318612
TOWN OF TONAWANDA - ED 041,,562,0,419,0.474940334,0.46300716
TOWN OF TONAWANDA - ED 042,4,1178,0.003395586,883,0.463193658,0.471121178
TOWN OF TONAWANDA - ED 043,3,549,0.005464481,391,0.562659847,0.342710997
TOWN OF TONAWANDA - ED 044,,521,0,421,0.498812352,0.441805226
TOWN OF TONAWANDA - ED 045,,664,0,528,0.524621212,0.403409091
TOWN OF TONAWANDA - ED 046,6,486,0.012345679,398,0.409547739,0.530150754
TOWN OF TONAWANDA - ED 047,11,615,0.017886179,473,0.492600423,0.450317125
TOWN OF TONAWANDA - ED 048,,585,0,468,0.52991453,0.384615385
TOWN OF TONAWANDA - ED 049,13,1167,0.011139674,949,0.561643836,0.368809273
TOWN OF TONAWANDA - ED 050,9,496,0.018145161,342,0.441520468,0.453216374
TOWN OF TONAWANDA - ED 051,4,587,0.00681431,463,0.453563715,0.481641469
TOWN OF TONAWANDA - ED 052,23,1166,0.019725557,870,0.588505747,0.344827586
TOWN OF TONAWANDA - ED 053,9,627,0.014354067,477,0.446540881,0.48427673
TOWN OF TONAWANDA - ED 054,11,917,0.011995638,704,0.431818182,0.505681818
TOWN OF TONAWANDA - ED 055,6,680,0.008823529,484,0.522727273,0.396694215
TOWN OF TONAWANDA - ED 056,21,1087,0.019319227,814,0.470515971,0.461916462
TOWN OF TONAWANDA - ED 057,12,1447,0.00829302,1006,0.497017893,0.416500994
TOWN OF TONAWANDA - ED 058,15,830,0.018072289,665,0.439097744,0.487218045
TOWN OF TONAWANDA - ED 059,6,1171,0.005123826,873,0.524627721,0.419243986
TOWN OF TONAWANDA - ED 060,16,552,0.028985507,420,0.416666667,0.516666667
TOWN OF TONAWANDA - ED 061,12,616,0.019480519,430,0.544186047,0.390697674
TOWN OF TONAWANDA - ED 062,1,528,0.001893939,407,0.437346437,0.515970516
TOWN OF TONAWANDA - ED 063,8,544,0.014705882,348,0.517241379,0.408045977
TOWN OF TONAWANDA - ED 064,7,585,0.011965812,440,0.506818182,0.429545455
TOWN OF TONAWANDA - ED 065,6,536,0.01119403,394,0.492385787,0.439086294
TOWN OF TONAWANDA - ED 066,16,685,0.023357664,476,0.489495798,0.460084034
TOWN OF TONAWANDA - ED 067,16,856,0.018691589,618,0.446601942,0.487055016
TOWN OF TONAWANDA - ED 068,7,450,0.015555556,318,0.437106918,0.481132075
TOWN OF TONAWANDA - ED 069,17,637,0.026687598,466,0.446351931,0.480686695
TOWN OF TONAWANDA - ED 070,2,586,0.003412969,435,0.455172414,0.473563218
TOWN OF TONAWANDA - ED 071,3,593,0.005059022,436,0.46559633,0.451834862
TOWN OF TONAWANDA - ED 072,,630,0,488,0.448770492,0.481557377
TOWN OF TONAWANDA - ED 073,2,658,0.003039514,481,0.424116424,0.498960499
TOWN OF TONAWANDA - ED 074,1,593,0.001686341,478,0.445606695,0.474895397
TOWN OF TONAWANDA - ED 075,5,680,0.007352941,499,0.472945892,0.438877756
WALES - ED 001,1,1151,0.00086881,921,0.275787188,0.639522258
WALES - ED 002,2,929,0.002152853,703,0.287339972,0.658605974
WEST SENECA - ED 001,3,787,0.003811944,523,0.380497132,0.556405354
WEST SENECA - ED 002,1,1045,0.000956938,757,0.449141347,0.494055482
WEST SENECA - ED 003,1,1109,0.000901713,850,0.357647059,0.584705882
WEST SENECA - ED 004,1,804,0.001243781,594,0.378787879,0.567340067
WEST SENECA - ED 005,,785,0,568,0.327464789,0.605633803
WEST SENECA - ED 006,3,693,0.004329004,525,0.371428571,0.552380952
WEST SENECA - ED 007,4,1144,0.003496503,830,0.374698795,0.543373494
WEST SENECA - ED 008,3,844,0.003554502,675,0.41037037,0.517037037
WEST SENECA - ED 009,28,699,0.040057225,495,0.428282828,0.525252525
WEST SENECA - ED 010,5,636,0.007861635,496,0.393145161,0.534274194
WEST SENECA - ED 011,7,1360,0.005147059,993,0.39979859,0.529707956
WEST SENECA - ED 012,1,528,0.001893939,386,0.422279793,0.520725389
WEST SENECA - ED 013,,638,0,457,0.442013129,0.509846827
WEST SENECA - ED 014,13,1365,0.00952381,1025,0.435121951,0.493658537
WEST SENECA - ED 015,13,963,0.013499481,680,0.445588235,0.486764706
WEST SENECA - ED 016,1,536,0.001865672,413,0.360774818,0.581113801
WEST SENECA - ED 017,11,649,0.016949153,492,0.528455285,0.420731707
WEST SENECA - ED 018,7,905,0.007734807,623,0.404494382,0.512038523
WEST SENECA - ED 019,15,824,0.018203883,620,0.433870968,0.50483871
WEST SENECA - ED 020,28,869,0.032220944,557,0.461400359,0.488330341
WEST SENECA - ED 021,1,410,0.002439024,312,0.403846154,0.548076923
WEST SENECA - ED 022,17,613,0.027732463,372,0.483870968,0.438172043
WEST SENECA - ED 023,2,453,0.004415011,299,0.347826087,0.555183946
WEST SENECA - ED 024,,354,0,253,0.415019763,0.529644269
WEST SENECA - ED 025,2,983,0.002034588,703,0.365576102,0.567567568
WEST SENECA - ED 026,7,772,0.009067358,644,0.374223602,0.560559006
WEST SENECA - ED 027,3,547,0.005484461,423,0.375886525,0.579196217
WEST SENECA - ED 028,11,666,0.016516517,516,0.403100775,0.532945736
WEST SENECA - ED 029,7,1092,0.006410256,845,0.437869822,0.499408284
WEST SENECA - ED 030,,722,0,571,0.336252189,0.565674256
WEST SENECA - ED 031,9,855,0.010526316,669,0.446935725,0.496263079
WEST SENECA - ED 032,,739,0,527,0.394686907,0.559772296
WEST SENECA - ED 033,4,527,0.007590133,399,0.426065163,0.50877193
WEST SENECA - ED 034,5,517,0.00967118,412,0.405339806,0.52184466
WEST SENECA - ED 035,16,1004,0.015936255,765,0.418300654,0.516339869
WEST SENECA - ED 036,3,789,0.003802281,605,0.434710744,0.517355372
WEST SENECA - ED 037,7,836,0.008373206,614,0.372964169,0.576547231
WEST SENECA - ED 038,2,894,0.002237136,724,0.440607735,0.486187845
WEST SENECA - ED 039,4,576,0.006944444,427,0.348946136,0.573770492
WEST SENECA - ED 040,1,779,0.001283697,609,0.407224959,0.527093596
WEST SENECA - ED 041,2,730,0.002739726,515,0.438834951,0.499029126