"pcomb","total_votes","pct_obama","pct_romney","pct_hisp"
"babylon 001",463,0.442764578833693,0.529157667386609,0.008097166
"babylon 002",315,0.60952380952381,0.377777777777778,0.093922652
"babylon 003",675,0.417777777777778,0.56,0.02530253
"babylon 004",374,0.457219251336898,0.521390374331551,0.078796562
"babylon 005",527,0.379506641366224,0.607210626185958,0.050947867
"babylon 006",388,0.414948453608247,0.564432989690722,0.091362126
"babylon 007",504,0.509920634920635,0.452380952380952,0.06127451
"babylon 008",648,0.347222222222222,0.634259259259259,0.013251784
"babylon 009",731,0.630642954856361,0.357045143638851,0.13032146
"babylon 010",430,0.509302325581395,0.462790697674419,0.125
"babylon 011",584,0.534246575342466,0.440068493150685,0.085599194
"babylon 012",346,0.546242774566474,0.42485549132948,0.230642504
"babylon 013",577,0.428076256499133,0.55632582322357,0.025550661
"babylon 014",678,0.93952802359882,0.0486725663716814,0.06980656
"babylon 015",610,0.472131147540984,0.504918032786885,0.026900585
"babylon 016",685,0.481751824817518,0.502189781021898,0.023386342
"babylon 017",380,0.473684210526316,0.497368421052632,0.086666667
"babylon 018",377,0.846153846153846,0.145888594164456,0.146179402
"babylon 019",232,0.405172413793103,0.560344827586207,0.035294118
"babylon 020",866,0.557736720554272,0.396073903002309,0.110663984
"babylon 021",724,0.574585635359116,0.401933701657459,0.086877828
"babylon 022",742,0.471698113207547,0.494609164420485,0.081911263
"babylon 023",683,0.434846266471449,0.546120058565154,0.026690391
"babylon 024",692,0.388728323699422,0.573699421965318,0.046470063
"babylon 025",523,0.829827915869981,0.151051625239006,0.502287283
"babylon 026",299,0.397993311036789,0.59866220735786,0.012244898
"babylon 027",355,0.501408450704225,0.476056338028169,0.05451448
"babylon 028",1037,0.632594021215043,0.351012536162006,0.168795114
"babylon 029",475,0.458947368421053,0.524210526315789,0.137931034
"babylon 030",374,0.441176470588235,0.532085561497326,0.034626039
"babylon 031",924,0.827922077922078,0.16017316017316,0.066496164
"babylon 032",482,0.466804979253112,0.479253112033195,0.087058824
"babylon 033",653,0.508422664624809,0.467075038284839,0.013944223
"babylon 034",284,0.566901408450704,0.426056338028169,0.230909091
"babylon 035",631,0.462757527733756,0.51188589540412,0.136363636
"babylon 036",484,0.506198347107438,0.471074380165289,0.054644809
"babylon 037",473,0.443974630021142,0.522198731501057,0.038105046
"babylon 038",179,0.491620111731844,0.497206703910615,0.06870229
"babylon 039",179,0.58659217877095,0.385474860335196,0.13986014
"babylon 040",204,0.691176470588235,0.299019607843137,0.109510086
"babylon 041",539,0.521335807050093,0.461966604823748,0.137195122
"babylon 042",898,0.957683741648107,0.0189309576837416,0.085261071
"babylon 043",473,0.463002114164905,0.513742071881607,0.076738609
"babylon 044",520,0.661538461538462,0.317307692307692,0.187562688
"babylon 045",353,0.594900849858357,0.388101983002833,0.132701422
"babylon 046",550,0.445454545454545,0.538181818181818,0.091549296
"babylon 047",435,0.498850574712644,0.482758620689655,0.075297226
"babylon 048",554,0.48014440433213,0.507220216606498,0.049676026
"babylon 049",492,0.465447154471545,0.510162601626016,0.064516129
"babylon 050",611,0.525368248772504,0.440261865793781,0.061601643
"babylon 051",532,0.460526315789474,0.524436090225564,0.007640879
"babylon 052",490,0.463265306122449,0.512244897959184,0.060212515
"babylon 053",520,0.546153846153846,0.430769230769231,0.209090909
"babylon 054",693,0.55988455988456,0.408369408369408,0.134453782
"babylon 055",651,0.499231950844854,0.477726574500768,0.09351145
"babylon 056",524,0.975190839694656,0.0209923664122137,0.089017341
"babylon 057",620,0.512903225806452,0.47258064516129,0.084477297
"babylon 058",497,0.51307847082495,0.458752515090543,0.099307159
"babylon 059",368,0.480978260869565,0.5,0.074367089
"babylon 060",1175,0.92,0.0731914893617021,0.102337662
"babylon 061",361,0.351800554016621,0.620498614958449,0.012727273
"babylon 062",709,0.464033850493653,0.519040902679831,0.10617284
"babylon 063",517,0.37137330754352,0.617021276595745,0.029036005
"babylon 064",513,0.407407407407407,0.582846003898636,0.043137255
"babylon 065",1009,0.878097125867195,0.11595639246779,0.144722524
"babylon 066",439,0.364464692482916,0.61503416856492,0.024173028
"babylon 067",362,0.613259668508287,0.375690607734807,0.057755776
"babylon 068",628,0.439490445859873,0.546178343949045,0.029795158
"babylon 069",602,0.514950166112957,0.463455149501661,0.099133782
"babylon 070",442,0.595022624434389,0.391402714932127,0.30369515
"babylon 071",456,0.427631578947368,0.530701754385965,0.01984127
"babylon 072",579,0.96545768566494,0.0293609671848014,0.12398374
"babylon 073",308,0.564935064935065,0.405844155844156,0.1208577
"babylon 074",620,0.974193548387097,0.017741935483871,0.065529623
"babylon 075",592,0.476351351351351,0.505067567567568,0.040066778
"babylon 076",635,0.508661417322835,0.475590551181102,0.146559428
"babylon 077",488,0.469262295081967,0.516393442622951,0.075163399
"babylon 078",301,0.465116279069767,0.524916943521595,0.078671329
"babylon 079",363,0.435261707988981,0.534435261707989,0.066365008
"babylon 080",504,0.486111111111111,0.490079365079365,0.095541401
"babylon 081",406,0.448275862068966,0.524630541871921,0.074882995
"babylon 082",442,0.714932126696833,0.264705882352941,0.420427553
"babylon 083",246,0.560975609756098,0.414634146341463,0.114649682
"babylon 084",277,0.516245487364621,0.48014440433213,0.069868996
"babylon 085",613,0.446982055464927,0.538336052202284,0.069908815
"babylon 086",132,0.568181818181818,0.424242424242424,0.082926829
"babylon 087",507,0.506903353057199,0.473372781065089,0.056969697
"babylon 088",385,0.6,0.381818181818182,0.10483871
"babylon 089",715,0.493706293706294,0.490909090909091,0.054901961
"babylon 090",544,0.834558823529412,0.159926470588235,0.050167224
"babylon 091",257,0.43579766536965,0.552529182879377,0.117283951
"babylon 092",216,0.87962962962963,0.115740740740741,0.310126582
"babylon 093",437,0.521739130434783,0.473684210526316,0.097693351
"babylon 094",470,0.495744680851064,0.465957446808511,0.056164384
"babylon 095",600,0.416666666666667,0.565,0.026539278
"babylon 096",491,0.443991853360489,0.531568228105906,0.010817308
"babylon 097",609,0.426929392446634,0.561576354679803,0.046186896
"babylon 098",490,0.497959183673469,0.483673469387755,0.102016607
"babylon 099",515,0.561165048543689,0.429126213592233,0.10496614
"babylon 100",356,0.426966292134831,0.547752808988764,0.104938272
"babylon 101",719,0.424200278164117,0.557719054242003,0.048053024
"babylon 102",638,0.418495297805643,0.565830721003135,0.025519849
"babylon 103",402,0.502487562189055,0.480099502487562,0.090103397
"babylon 104",884,0.479638009049774,0.486425339366516,0.055481283
"babylon 105",708,0.449152542372881,0.524011299435028,0.101095198
"babylon 106",930,0.538709677419355,0.439784946236559,0.109090909
"babylon 107",598,0.525083612040134,0.459866220735786,0.063386944
"babylon 108",257,0.540856031128405,0.431906614785992,0.086538462
"babylon 109",435,0.485057471264368,0.491954022988506,0.175949367
"babylon 110",606,0.471947194719472,0.498349834983498,0.090909091
"babylon 111",409,0.403422982885086,0.574572127139364,0.044546851
"babylon 112",463,0.442764578833693,0.542116630669546,0.057179161
"babylon 113",346,0.526011560693642,0.450867052023121,0.197014925
"babylon 114",476,0.329831932773109,0.657563025210084,0.039580908
"babylon 115",431,0.902552204176334,0.0765661252900232,0.075268817
"babylon 116",305,0.613114754098361,0.367213114754098,0.105351171
"babylon 117",392,0.50765306122449,0.464285714285714,0.084770115
"babylon 118",391,0.468030690537084,0.524296675191816,0.073863636
"babylon 119",348,0.474137931034483,0.5,0.041237113
"babylon 120",386,0.541450777202073,0.450777202072539,0.105426357
"babylon 121",361,0.393351800554017,0.587257617728532,0.017182131
"babylon 122",393,0.356234096692112,0.638676844783715,0.016157989
"babylon 123",647,0.564142194744977,0.418856259659969,0.167276051
"babylon 124",200,0.79,0.2,0.059405941
"babylon 125",338,0.579881656804734,0.399408284023669,0.109929078
"babylon 126",395,0.468354430379747,0.508860759493671,0.077544426
"babylon 127",474,0.436708860759494,0.552742616033755,0.080779944
"babylon 128",708,0.540960451977401,0.435028248587571,0.113833992
"babylon 129",746,0.96916890080429,0.0160857908847185,0.139053254
"babylon 130",208,0.480769230769231,0.461538461538462,0.012755102
"babylon 131",336,0.568452380952381,0.416666666666667,0.065989848
"babylon 132",347,0.579250720461095,0.403458213256484,0.071678322
"babylon 133",402,0.472636815920398,0.497512437810945,0.05
"babylon 134",792,0.968434343434343,0.023989898989899,0.178940568
"babylon 135",834,0.942446043165468,0.0503597122302158,0.091875
"babylon 136",288,0.548611111111111,0.423611111111111,0.087751371
"babylon 137",68,0.529411764705882,0.470588235294118,0.141509434
"babylon 138",192,0.661458333333333,0.338541666666667,0.029220779
"babylon 139",561,0.978609625668449,0.017825311942959,0.123310811
"babylon 140",570,0.952631578947368,0.0456140350877193,0.125665602
"babylon 141",269,0.981412639405205,0.0111524163568773,0.078028747
"babylon 142",322,0.298136645962733,0.680124223602484,0.03046595
"babylon 143",465,0.496774193548387,0.466666666666667,0.039360394
"babylon 144",609,0.921182266009852,0.0640394088669951,0.104779412
"babylon 145",460,0.984782608695652,0.00869565217391304,0.088699878
"babylon 146",275,0.418181818181818,0.56,0.020179372
"babylon 147",850,0.971764705882353,0.0188235294117647,0.097591106
"babylon 148",413,0.564164648910412,0.421307506053269,0.057093426
"babylon 149",352,0.482954545454545,0.502840909090909,0.101694915
"babylon 150",32,0.5625,0.40625,0.204081633
"babylon 151",236,0.51271186440678,0.474576271186441,0.083916084
"babylon 152",27,0.444444444444444,0.481481481481481,0.175438596
"babylon 153",170,0.676470588235294,0.294117647058824,0.265671642
"babylon 154",314,0.968152866242038,0.0222929936305732,0.25310559
"brookhaven 001",821,0.477466504263094,0.466504263093788,0.026938776
"brookhaven 002",845,0.460355029585799,0.511242603550296,0.015075377
"brookhaven 003",712,0.51123595505618,0.473314606741573,0.027105518
"brookhaven 004",456,0.56359649122807,0.414473684210526,0.031428571
"brookhaven 005",738,0.479674796747967,0.501355013550135,0.023166023
"brookhaven 006",1061,0.511781338360038,0.470311027332705,0.033452808
"brookhaven 007",406,0.485221674876847,0.497536945812808,0.051863857
"brookhaven 008",634,0.400630914826498,0.572555205047319,0.012725345
"brookhaven 009",1165,0.437768240343348,0.545922746781116,0.006281407
"brookhaven 010",1014,0.503944773175542,0.477317554240631,0.055520102
"brookhaven 011",954,0.4979035639413,0.480083857442348,0.100189036
"brookhaven 012",769,0.459037711313394,0.52405721716515,0.069289991
"brookhaven 013",353,0.39943342776204,0.575070821529745,0.055755396
"brookhaven 014",644,0.427018633540373,0.552795031055901,0.016519824
"brookhaven 015",664,0.59789156626506,0.382530120481928,0.120287253
"brookhaven 016",717,0.592747559274756,0.379358437935844,0.132188841
"brookhaven 017",407,0.57002457002457,0.407862407862408,0.081841432
"brookhaven 018",109,0.614678899082569,0.311926605504587,0.207048458
"brookhaven 019",627,0.567783094098884,0.395534290271132,0.093933464
"brookhaven 020",588,0.562925170068027,0.409863945578231,0.098591549
"brookhaven 021",124,0.75,0.185483870967742,0.252873563
"brookhaven 022",418,0.564593301435407,0.409090909090909,0.074135091
"brookhaven 023",318,0.616352201257862,0.352201257861635,0.166666667
"brookhaven 024",280,0.55,0.410714285714286,0.139588101
"brookhaven 025",717,0.566248256624826,0.415620641562064,0.083922261
"brookhaven 026",307,0.889250814332248,0.0651465798045603,0.230496454
"brookhaven 027",397,0.622166246851385,0.357682619647355,0.013944223
"brookhaven 028",747,0.51004016064257,0.467202141900937,0.044697634
"brookhaven 029",759,0.350461133069829,0.629776021080369,0.001904762
"brookhaven 030",461,0.388286334056399,0.594360086767896,0.012722646
"brookhaven 031",819,0.466422466422466,0.509157509157509,0.022651007
"brookhaven 032",306,0.415032679738562,0.562091503267974,0.026548673
"brookhaven 033",857,0.597432905484247,0.386231038506418,0.111329404
"brookhaven 033",857,0.597432905484247,0.386231038506418,0.2
"brookhaven 034",796,0.452261306532663,0.531407035175879,0.06394052
"brookhaven 035",887,0.453213077790304,0.52423900789177,0.017349063
"brookhaven 036",679,0.5139911634757,0.455081001472754,0.096252129
"brookhaven 037",598,0.483277591973244,0.503344481605351,0.021760633
"brookhaven 038",634,0.541009463722397,0.424290220820189,0.092436975
"brookhaven 039",1214,0.502471169686985,0.471993410214168,0.0405
"brookhaven 040",931,0.39312567132116,0.577873254564984,0.030875866
"brookhaven 041",1098,0.54735883424408,0.42896174863388,0.093881857
"brookhaven 042",501,0.574850299401198,0.399201596806387,0.089494163
"brookhaven 043",561,0.46524064171123,0.515151515151515,0.081567797
"brookhaven 044",472,0.516949152542373,0.466101694915254,0.091405184
"brookhaven 045",288,0.413194444444444,0.555555555555556,0.038901602
"brookhaven 046",926,0.609071274298056,0.368250539956803,0.0997921
"brookhaven 047",828,0.530193236714976,0.444444444444444,0.043600563
"brookhaven 048",664,0.530120481927711,0.448795180722892,0.017372421
"brookhaven 049",701,0.537803138373752,0.436519258202568,0.103697024
"brookhaven 050",554,0.509025270758123,0.46028880866426,0.127895267
"brookhaven 051",440,0.447727272727273,0.536363636363636,0.031866464
"brookhaven 052",615,0.530081300813008,0.442276422764228,0.044164038
"brookhaven 053",665,0.533834586466165,0.43609022556391,0.116468843
"brookhaven 054",356,0.438202247191011,0.542134831460674,0.06379822
"brookhaven 055",442,0.497737556561086,0.47737556561086,0.092226614
"brookhaven 056",862,0.432714617169374,0.548723897911833,0.050835655
"brookhaven 057",126,0.746031746031746,0.222222222222222,0.019230769
"brookhaven 058",653,0.453292496171516,0.525267993874426,0.089285714
"brookhaven 059",293,0.511945392491468,0.48122866894198,0.077393075
"brookhaven 060",709,0.606488011283498,0.376586741889986,0.01396648
"brookhaven 061",443,0.460496613995485,0.528216704288939,0.007788162
"brookhaven 062",535,0.534579439252336,0.439252336448598,0.180985109
"brookhaven 063",1165,0.428326180257511,0.555364806866953,0.003462204
"brookhaven 064",718,0.736768802228412,0.235376044568245,0.232591529
"brookhaven 065",781,0.495518565941101,0.481434058898848,0.050328228
"brookhaven 065",781,0.495518565941101,0.481434058898848,0
"brookhaven 066",625,0.496,0.4768,0.043052838
"brookhaven 067",506,0.573122529644269,0.41501976284585,0.012482663
"brookhaven 068",607,0.457990115321252,0.517298187808896,0.040650407
"brookhaven 069",728,0.458791208791209,0.519230769230769,0.05204461
"brookhaven 070",733,0.457025920873124,0.521145975443383,0.034158839
"brookhaven 071",578,0.486159169550173,0.496539792387543,0.063380282
"brookhaven 072",707,0.571428571428571,0.414427157001414,0.117932149
"brookhaven 073",1182,0.435702199661591,0.546531302876481,0.002332362
"brookhaven 074",746,0.529490616621984,0.431635388739946,0.129880478
"brookhaven 075",399,0.568922305764411,0.411027568922306,0.09700428
"brookhaven 076",617,0.518638573743922,0.453808752025932,0.082644628
"brookhaven 077",537,0.493482309124767,0.484171322160149,0.055492639
"brookhaven 078",665,0.461654135338346,0.52781954887218,0.076263108
"brookhaven 079",956,0.560669456066946,0.402719665271967,0.094144661
"brookhaven 080",815,0.493251533742331,0.447852760736196,0.111188325
"brookhaven 081",415,0.498795180722892,0.481927710843373,0.076305221
"brookhaven 082",827,0.551390568319226,0.422007255139057,0.083460949
"brookhaven 083",485,0.538144329896907,0.428865979381443,0.10215664
"brookhaven 084",26,0.346153846153846,0.576923076923077,0.054794521
"brookhaven 085",170,0.541176470588235,0.417647058823529,0.078947368
"brookhaven 086",508,0.539370078740158,0.438976377952756,0.026143791
"brookhaven 087",671,0.529061102831595,0.454545454545455,0.007897335
"brookhaven 088",347,0.599423631123919,0.377521613832853,0.094435076
"brookhaven 089",1036,0.441119691119691,0.542471042471042,0.00203252
"brookhaven 090",645,0.533333333333333,0.438759689922481,0.102941176
"brookhaven 091",446,0.504484304932735,0.466367713004484,0.08974359
"brookhaven 092",1020,0.544117647058823,0.427450980392157,0.110102157
"brookhaven 093",779,0.431322207958922,0.543003851091142,0.017040359
"brookhaven 094",436,0.472477064220183,0.511467889908257,0.112881806
"brookhaven 095",587,0.562180579216354,0.41396933560477,0.046979866
"brookhaven 096",550,0.621818181818182,0.354545454545455,0.191294387
"brookhaven 097",859,0.628637951105937,0.339930151338766,0.139037433
"brookhaven 098",1140,0.426315789473684,0.554385964912281,0.005479452
"brookhaven 099",908,0.492290748898678,0.484581497797357,0.150033944
"brookhaven 100",846,0.50709219858156,0.472813238770686,0.069287142
"brookhaven 101",679,0.628865979381443,0.341678939617084,0.03109328
"brookhaven 102",704,0.473011363636364,0.498579545454545,0.036053131
"brookhaven 103",517,0.493230174081238,0.452611218568665,0.064020487
"brookhaven 104",751,0.599201065246338,0.37017310252996,0.164109406
"brookhaven 105",413,0.399515738498789,0.569007263922518,0.01453958
"brookhaven 106",534,0.458801498127341,0.524344569288389,0.054429029
"brookhaven 107",721,0.423023578363384,0.561719833564494,0.088435374
"brookhaven 108",667,0.44527736131934,0.542728635682159,0.019830028
"brookhaven 109",538,0.468401486988848,0.5,0.081382386
"brookhaven 110",623,0.550561797752809,0.426966292134831,0.061994609
"brookhaven 111",674,0.467359050445104,0.516320474777448,0.03567889
"brookhaven 112",429,0.435897435897436,0.547785547785548,0.031770045
"brookhaven 113",204,0.485294117647059,0.490196078431373,0.044025157
"brookhaven 114",672,0.446428571428571,0.538690476190476,0.027124774
"brookhaven 115",507,0.49112426035503,0.493096646942801,0.111528822
"brookhaven 116",1098,0.524590163934426,0.457194899817851,0.045478866
"brookhaven 117",491,0.407331975560081,0.574338085539715,0.013119534
"brookhaven 118",441,0.523809523809524,0.46031746031746,0.121495327
"brookhaven 119",678,0.46165191740413,0.51622418879056,0.06171649
"brookhaven 120",1014,0.529585798816568,0.454635108481262,0.042715484
"brookhaven 121",1107,0.44263775971093,0.547425474254743,0.011117613
"brookhaven 122",978,0.429447852760736,0.557259713701431,0.058108108
"brookhaven 123",574,0.573170731707317,0.400696864111498,0.032092426
"brookhaven 124",898,0.474387527839644,0.512249443207127,0.061639344
"brookhaven 125",519,0.53757225433526,0.425818882466281,0.121848739
"brookhaven 126",908,0.404185022026432,0.579295154185022,0.049792531
"brookhaven 127",453,0.54083885209713,0.434878587196468,0.114110429
"brookhaven 128",725,0.624827586206897,0.331034482758621,0.164526485
"brookhaven 129",566,0.53356890459364,0.450530035335689,0.014336918
"brookhaven 130",436,0.474770642201835,0.509174311926605,0.071192053
"brookhaven 131",512,0.451171875,0.52734375,0.044444444
"brookhaven 132",960,0.458333333333333,0.511458333333333,0.074282147
"brookhaven 133",604,0.413907284768212,0.562913907284768,0.037353255
"brookhaven 134",717,0.514644351464435,0.456066945606695,0.036595745
"brookhaven 135",886,0.409706546275395,0.574492099322799,0.030545455
"brookhaven 136",822,0.414841849148418,0.5669099756691,0.00785546
"brookhaven 137",813,0.952029520295203,0.038130381303813,0.13928113
"brookhaven 137",813,0.952029520295203,0.038130381303813,0
"brookhaven 138",1573,0.436109345200254,0.541640178003814,0.068438296
"brookhaven 139",1060,0.582075471698113,0.378301886792453,0.119599818
"brookhaven 140",877,0.420752565564424,0.555302166476625,0.014144272
"brookhaven 141",590,0.438983050847458,0.538983050847458,0.040145985
"brookhaven 142",904,0.410398230088496,0.570796460176991,0.072194425
"brookhaven 143",578,0.51038062283737,0.467128027681661,0.084042553
"brookhaven 144",521,0.623800383877159,0.349328214971209,0.11965812
"brookhaven 145",723,0.506224066390041,0.4716459197787,0.096302003
"brookhaven 146",436,0.509174311926605,0.479357798165138,0.031007752
"brookhaven 147",1202,0.549084858569052,0.437603993344426,0.114114114
"brookhaven 148",844,0.508293838862559,0.46563981042654,0.021548284
"brookhaven 149",516,0.604651162790698,0.37984496124031,0.161469933
"brookhaven 150",588,0.554421768707483,0.418367346938776,0.152217742
"brookhaven 151",730,0.394520547945205,0.586301369863014,0.015717092
"brookhaven 152",1054,0.511385199240987,0.458254269449715,0.100436681
"brookhaven 153",535,0.540186915887851,0.431775700934579,0.036900369
"brookhaven 154",647,0.380216383307573,0.601236476043277,0.00440044
"brookhaven 155",528,0.537878787878788,0.431818181818182,0.093714286
"brookhaven 156",571,0.514886164623468,0.471103327495622,0.09439528
"brookhaven 157",1357,0.495946941783346,0.47310243183493,0.067656766
"brookhaven 158",438,0.458904109589041,0.531963470319635,0.051420839
"brookhaven 159",816,0.496323529411765,0.469362745098039,0.040519878
"brookhaven 160",689,0.518142235123367,0.429608127721335,0.105594957
"brookhaven 161",610,0.486885245901639,0.455737704918033,0.01878453
"brookhaven 162",336,0.568452380952381,0.404761904761905,0.085923218
"brookhaven 163",666,0.493993993993994,0.484984984984985,0.03957529
"brookhaven 164",880,0.473863636363636,0.503409090909091,0.075299085
"brookhaven 165",800,0.4925,0.48,0.037037037
"brookhaven 166",1124,0.531138790035587,0.456405693950178,0.028555431
"brookhaven 167",580,0.425862068965517,0.556896551724138,0.00243309
"brookhaven 168",605,0.55702479338843,0.421487603305785,0.072572038
"brookhaven 169",1186,0.593591905564924,0.396290050590219,0.108120438
"brookhaven 170",528,0.428030303030303,0.554924242424242,0.041825095
"brookhaven 171",637,0.486656200941915,0.489795918367347,0.015607581
"brookhaven 172",257,0.498054474708171,0.482490272373541,0.093877551
"brookhaven 173",532,0.43609022556391,0.550751879699248,0.014945652
"brookhaven 174",676,0.486686390532544,0.483727810650888,0.05635148
"brookhaven 175",684,0.483918128654971,0.489766081871345,0.111111111
"brookhaven 176",642,0.431464174454829,0.554517133956386,0.058252427
"brookhaven 177",510,0.609803921568628,0.366666666666667,0.027027027
"brookhaven 178",597,0.50251256281407,0.465661641541039,0.107515658
"brookhaven 179",1145,0.444541484716157,0.54061135371179,0.041879469
"brookhaven 180",711,0.49789029535865,0.485232067510549,0.053685168
"brookhaven 181",305,0.40327868852459,0.590163934426229,0.002463054
"brookhaven 182",77,0.337662337662338,0.649350649350649,0.040322581
"brookhaven 183",406,0.45320197044335,0.509852216748768,0.04361874
"brookhaven 184",501,0.584830339321357,0.373253493013972,0.058408862
"brookhaven 185",354,0.516949152542373,0.466101694915254,0.091210614
"brookhaven 185",354,0.516949152542373,0.466101694915254,0
"brookhaven 186",513,0.442495126705653,0.539961013645224,0.070574163
"brookhaven 187",788,0.541878172588833,0.4251269035533,0.034456929
"brookhaven 188",759,0.465085638998682,0.50197628458498,0.006591337
"brookhaven 189",786,0.559796437659033,0.417302798982188,0.031768953
"brookhaven 190",512,0.5078125,0.4765625,0.018055556
"brookhaven 191",388,0.520618556701031,0.463917525773196,0.040983607
"brookhaven 192",956,0.654811715481172,0.329497907949791,0.08042394
"brookhaven 193",926,0.414686825053996,0.571274298056155,0.027149321
"brookhaven 194",449,0.552338530066815,0.43652561247216,0.042647059
"brookhaven 195",679,0.413843888070692,0.56701030927835,0.002096436
"brookhaven 196",920,0.480434782608696,0.501086956521739,0.088666667
"brookhaven 197",303,0.412541254125413,0.564356435643564,0
"brookhaven 198",677,0.378138847858198,0.581979320531758,0.032608696
"brookhaven 199",332,0.493975903614458,0.496987951807229,0.038181818
"brookhaven 200",625,0.9152,0.0784,0.207451312
"brookhaven 201",1273,0.418695993715632,0.574234092694423,0.047368421
"brookhaven 202",412,0.565533980582524,0.398058252427184,0.128
"brookhaven 203",426,0.450704225352113,0.528169014084507,0.013289037
"brookhaven 204",521,0.520153550863724,0.449136276391555,0.109756098
"brookhaven 205",866,0.517321016166282,0.458429561200924,0.136272545
"brookhaven 206",673,0.493313521545319,0.484398216939079,0.047160731
"brookhaven 207",525,0.664761904761905,0.312380952380952,0.176041667
"brookhaven 208",754,0.592838196286472,0.393899204244032,0.145533141
"brookhaven 209",610,0.555737704918033,0.419672131147541,0.074003795
"brookhaven 210",562,0.533807829181495,0.437722419928826,0.035526316
"brookhaven 211",603,0.482587064676617,0.500829187396352,0.068205666
"brookhaven 212",258,0.434108527131783,0.558139534883721,0.010781671
"brookhaven 213",448,0.448660714285714,0.533482142857143,0.071045576
"brookhaven 214",490,0.473469387755102,0.502040816326531,0.059299191
"brookhaven 215",464,0.484913793103448,0.489224137931034,0.116870877
"brookhaven 216",1519,0.431863067807768,0.555628703094141,0.017767654
"brookhaven 216",1519,0.431863067807768,0.555628703094141,0
"brookhaven 217",172,0.511627906976744,0.459302325581395,0.087108014
"brookhaven 217",172,0.511627906976744,0.459302325581395,0
"brookhaven 218",472,0.652542372881356,0.334745762711864,0.097484277
"brookhaven 219",342,0.441520467836257,0.538011695906433,0.013490725
"brookhaven 220",152,0.480263157894737,0.493421052631579,0.016129032
"brookhaven 221",180,0.444444444444444,0.538888888888889,0.076086957
"brookhaven 222",311,0.501607717041801,0.459807073954984,0.061143984
"brookhaven 223",813,0.817958179581796,0.130381303813038,0.099871134
"brookhaven 224",442,0.579185520361991,0.395927601809955,0.035369775
"brookhaven 225",746,0.638069705093834,0.332439678284182,0.046920821
"brookhaven 226",325,0.461538461538462,0.498461538461538,0.040254237
"brookhaven 227",1016,0.423228346456693,0.548228346456693,0.007268951
"brookhaven 228",526,0.425855513307985,0.547528517110266,0.077816492
"brookhaven 229",522,0.60536398467433,0.371647509578544,0.123552124
"brookhaven 230",724,0.441988950276243,0.546961325966851,0.085665818
"brookhaven 231",378,0.558201058201058,0.420634920634921,0.069111425
"brookhaven 232",469,0.490405117270789,0.494669509594883,0.1001221
"brookhaven 233",512,0.501953125,0.47265625,0.02153432
"brookhaven 234",895,0.739664804469274,0.239106145251397,0.153846154
"brookhaven 235",482,0.454356846473029,0.512448132780083,0.092409241
"brookhaven 236",581,0.366609294320138,0.611015490533563,0.002503129
"brookhaven 237",792,0.525252525252525,0.458333333333333,0.132501949
"brookhaven 238",486,0.432098765432099,0.547325102880658,0.061251664
"brookhaven 239",717,0.486750348675035,0.486750348675035,0.054794521
"brookhaven 240",496,0.471774193548387,0.520161290322581,0.056122449
"brookhaven 241",691,0.529667149059334,0.452966714905933,0.070204082
"brookhaven 242",730,0.526027397260274,0.46027397260274,0.098468271
"brookhaven 243",579,0.680483592400691,0.307426597582038,0.126684636
"brookhaven 244",285,0.389473684210526,0.603508771929825,0.079303675
"brookhaven 245",1121,0.377341659232828,0.599464763603925,0.054505006
"brookhaven 246",562,0.576512455516014,0.405693950177936,0.179956897
"brookhaven 247",703,0.546230440967283,0.436699857752489,0.157726181
"brookhaven 248",521,0.5489443378119,0.435700575815739,0.023058252
"brookhaven 249",1693,0.501476668635558,0.484937979917307,0.083950617
"brookhaven 250",568,0.477112676056338,0.48943661971831,0.08773679
"brookhaven 251",699,0.464949928469242,0.414878397711016,0.025075226
"brookhaven 252",789,0.575411913814956,0.409378960709759,0.085714286
"brookhaven 253",561,0.561497326203209,0.415329768270945,0.085127202
"brookhaven 254",541,0.547134935304991,0.432532347504621,0.110552764
"brookhaven 255",595,0.460504201680672,0.509243697478992,0.04567079
"brookhaven 256",1239,0.553672316384181,0.42453591606134,0.065287356
"brookhaven 257",578,0.583044982698962,0.391003460207612,0.041365047
"brookhaven 258",395,0.567088607594937,0.382278481012658,0.030136986
"brookhaven 259",372,0.540322580645161,0.43010752688172,0.050096339
"brookhaven 260",517,0.499032882011605,0.497098646034816,0.012971698
"brookhaven 261",295,0.555932203389831,0.423728813559322,0.097619048
"brookhaven 262",467,0.605995717344754,0.370449678800857,0.122311828
"brookhaven 262",467,0.605995717344754,0.370449678800857,0.142857143
"brookhaven 263",1289,0.407292474786656,0.576415826221877,0.009589771
"brookhaven 264",1027,0.431353456669912,0.546251217137293,0.009450679
"brookhaven 265",1847,0.363291824580401,0.626962642122361,0.018244731
"brookhaven 266",556,0.552158273381295,0.420863309352518,0.086915888
"brookhaven 267",517,0.39458413926499,0.576402321083172,0.015402844
"brookhaven 268",706,0.531161473087819,0.45042492917847,0.109061748
"brookhaven 269",516,0.596899224806202,0.38953488372093,0.0471597
"brookhaven 270",745,0.358389261744966,0.629530201342282,0.001064963
"brookhaven 271",514,0.445525291828794,0.536964980544747,0.057279236
"brookhaven 272",705,0.415602836879433,0.563120567375887,0.02854512
"brookhaven 273",561,0.529411764705882,0.445632798573975,0.126379137
"brookhaven 274",472,0.519067796610169,0.455508474576271,0.080498866
"brookhaven 275",562,0.565836298932384,0.412811387900356,0.072781655
"brookhaven 276",174,0.545977011494253,0.425287356321839,0.064516129
"brookhaven 277",219,0.639269406392694,0.319634703196347,0
"brookhaven 277",219,0.639269406392694,0.319634703196347,0.119815668
"brookhaven 278",15,0.8,0.2,0
"brookhaven 278",15,0.8,0.2,0.352941176
"brookhaven 279",570,0.592982456140351,0.398245614035088,0.022988506
"brookhaven 280",11,0.454545454545455,0.545454545454545,0
"brookhaven 281",93,0.516129032258065,0.483870967741935,0.101449275
"brookhaven 282",5,0.6,0.4,0
"brookhaven 283",781,0.580025608194622,0.402048655569782,0.100070472
"brookhaven 284",921,0.45385450597177,0.534201954397394,0.014863749
"brookhaven 285",617,0.554294975688817,0.427876823338736,0.151680291
"brookhaven 286",741,0.425101214574899,0.562753036437247,0.026126126
"brookhaven 287",552,0.668478260869565,0.309782608695652,0.111445783
"brookhaven 288",609,0.456486042692939,0.527093596059113,0.028653295
"brookhaven 289",586,0.691126279863481,0.293515358361775,0.129464286
"brookhaven 290",930,0.434408602150538,0.540860215053763,0.057122198
"brookhaven 291",600,0.58,0.395,0.19748954
"brookhaven 292",620,0.475806451612903,0.508064516129032,0.031007752
"brookhaven 293",430,0.511627906976744,0.474418604651163,0.125162973
"brookhaven 294",551,0.457350272232305,0.526315789473684,0.064587973
"easthampton 001",254,0.52755905511811,0.448818897637795,0.017241379
"easthampton 002",704,0.757102272727273,0.227272727272727,0.034274194
"easthampton 003",556,0.647482014388489,0.329136690647482,0.043156597
"easthampton 004",660,0.587878787878788,0.396969696969697,0.171875
"easthampton 005",398,0.582914572864322,0.394472361809045,0.014141414
"easthampton 006",312,0.551282051282051,0.442307692307692,0.006756757
"easthampton 007",290,0.617241379310345,0.358620689655172,0.055421687
"easthampton 008",959,0.661105318039625,0.328467153284672,0.031586504
"easthampton 009",639,0.624413145539906,0.352112676056338,0.106765328
"easthampton 010",763,0.482306684141547,0.507208387942333,0.011686144
"easthampton 011",939,0.626198083067093,0.338658146964856,0.144098479
"easthampton 012",594,0.533670033670034,0.452861952861953,0.033745782
"easthampton 013",300,0.62,0.38,0.019955654
"easthampton 014",794,0.753148614609572,0.216624685138539,0.18957346
"easthampton 015",727,0.711141678129299,0.270976616231087,0.150890347
"easthampton 016",815,0.631901840490798,0.357055214723926,0.033305579
"easthampton 017",809,0.665018541409147,0.320148331273177,0.17480315
"easthampton 018",532,0.573308270676692,0.409774436090226,0.027707809
"easthampton 019",465,0.552688172043011,0.427956989247312,0.021419009
"huntington 001",602,0.260797342192691,0.720930232558139,0.00812065
"huntington 002",609,0.405582922824302,0.587848932676519,0.004110997
"huntington 003",693,0.510822510822511,0.468975468975469,0.008964143
"huntington 004",564,0.476950354609929,0.50354609929078,0.002645503
"huntington 005",376,0.574468085106383,0.417553191489362,0.013133208
"huntington 006",613,0.65252854812398,0.308319738988581,0.029475983
"huntington 007",316,0.598101265822785,0.373417721518987,0.018939394
"huntington 008",688,0.45203488372093,0.533430232558139,0.004859086
"huntington 009",623,0.764044943820225,0.218298555377207,0.185934489
"huntington 010",558,0.672043010752688,0.302867383512545,0.150862069
"huntington 011",368,0.755434782608696,0.222826086956522,0.38961039
"huntington 012",290,0.544827586206897,0.420689655172414,0.134199134
"huntington 013",534,0.434456928838951,0.535580524344569,0.013020833
"huntington 014",867,0.489042675893887,0.48558246828143,0.02835249
"huntington 015",415,0.510843373493976,0.481927710843373,0
"huntington 016",847,0.525383707201889,0.458087367178276,0.012749004
"huntington 017",741,0.461538461538462,0.515519568151147,0.019337017
"huntington 018",529,0.506616257088847,0.468809073724008,0.014341591
"huntington 019",549,0.473588342440801,0.513661202185792,0.030998852
"huntington 020",607,0.388797364085667,0.579901153212521,0.019047619
"huntington 021",518,0.445945945945946,0.546332046332046,0.029003783
"huntington 022",654,0.432721712538226,0.551987767584098,0.012322275
"huntington 023",517,0.514506769825919,0.456479690522244,0.109275731
"huntington 024",466,0.517167381974249,0.459227467811159,0.00456621
"huntington 025",456,0.589912280701754,0.388157894736842,0.017391304
"huntington 026",304,0.865131578947368,0.128289473684211,0.441127695
"huntington 027",419,0.594272076372315,0.384248210023866,0.25994695
"huntington 028",647,0.523956723338485,0.457496136012365,0.041025641
"huntington 029",619,0.638126009693053,0.332794830371567,0.239647577
"huntington 030",616,0.48538961038961,0.5,0.004366812
"huntington 031",676,0.522189349112426,0.461538461538462,0.005888126
"huntington 032",441,0.410430839002268,0.566893424036281,0.001447178
"huntington 033",428,0.355140186915888,0.635514018691589,0.010526316
"huntington 034",244,0.5,0.475409836065574,0.071428571
"huntington 035",545,0.44954128440367,0.528440366972477,0.01125
"huntington 036",604,0.451986754966887,0.531456953642384,0.053191489
"huntington 037",528,0.452651515151515,0.526515151515151,0.006361323
"huntington 038",705,0.476595744680851,0.512056737588652,0.013930348
"huntington 039",586,0.404436860068259,0.583617747440273,0.023041475
"huntington 040",704,0.461647727272727,0.529829545454545,0.029693487
"huntington 041",1501,0.504330446369087,0.489007328447702,0.002422481
"huntington 042",582,0.520618556701031,0.465635738831615,0.068508287
"huntington 043",663,0.509803921568627,0.475113122171946,0.02543235
"huntington 044",138,0.514492753623188,0.478260869565217,0.034482759
"huntington 045",573,0.303664921465969,0.671902268760908,0.003452244
"huntington 046",657,0.669710806697108,0.302891933028919,0.087164751
"huntington 047",351,0.387464387464387,0.598290598290598,0.005736138
"huntington 048",456,0.366228070175439,0.629385964912281,0.002840909
"huntington 049",488,0.497950819672131,0.487704918032787,0.031029619
"huntington 050",583,0.444253859348199,0.545454545454545,0.010227273
"huntington 051",589,0.424448217317487,0.573853989813243,0.007202881
"huntington 052",648,0.387345679012346,0.591049382716049,0.040553907
"huntington 053",578,0.610726643598616,0.378892733564014,0.110803324
"huntington 054",448,0.787946428571429,0.196428571428571,0.164642375
"huntington 055",729,0.377229080932785,0.613168724279835,0.032987747
"huntington 056",478,0.497907949790795,0.48326359832636,0.06284153
"huntington 057",333,0.399399399399399,0.573573573573574,0.037037037
"huntington 058",547,0.442413162705667,0.458866544789762,0.044848485
"huntington 059",720,0.793055555555556,0.195833333333333,0.272350993
"huntington 060",1049,0.469018112488084,0.510009532888465,0.016216216
"huntington 061",433,0.452655889145497,0.531177829099307,0.011513158
"huntington 062",452,0.480088495575221,0.495575221238938,0.061111111
"huntington 063",127,0.511811023622047,0.456692913385827,0.016304348
"huntington 064",398,0.376884422110553,0.618090452261307,0.001650165
"huntington 065",474,0.521097046413502,0.449367088607595,0.017045455
"huntington 066",706,0.457507082152975,0.519830028328612,0.030214425
"huntington 067",699,0.483547925608011,0.507868383404864,0.044117647
"huntington 068",701,0.406562054208274,0.582025677603424,0.000944287
"huntington 069",748,0.505347593582888,0.479946524064171,0.035375324
"huntington 070",418,0.590909090909091,0.397129186602871,0.085850556
"huntington 071",607,0.670510708401977,0.294892915980231,0.22778828
"huntington 072",656,0.469512195121951,0.507621951219512,0.026624068
"huntington 073",384,0.5,0.484375,0.009009009
"huntington 074",732,0.39344262295082,0.587431693989071,0.016408387
"huntington 075",496,0.44758064516129,0.524193548387097,0.048122066
"huntington 076",732,0.409836065573771,0.580601092896175,0.028871391
"huntington 077",544,0.443014705882353,0.536764705882353,0.010822511
"huntington 078",691,0.490593342981187,0.499276410998553,0.03325223
"huntington 079",355,0.453521126760563,0.535211267605634,0.052238806
"huntington 080",145,0.489655172413793,0.482758620689655,0
"huntington 081",687,0.451237263464338,0.529839883551674,0.002026342
"huntington 082",543,0.482504604051565,0.506445672191529,0.033694344
"huntington 083",492,0.463414634146341,0.522357723577236,0.011065007
"huntington 084",719,0.425591098748261,0.559109874826147,0.009587728
"huntington 085",158,0.841772151898734,0.0759493670886076,0.105058366
"huntington 086",365,0.397260273972603,0.586301369863014,0.008944544
"huntington 087",463,0.455723542116631,0.520518358531317,0.058583106
"huntington 088",378,0.433862433862434,0.537037037037037,0.044014085
"huntington 089",197,0.33502538071066,0.649746192893401,0
"huntington 090",529,0.5765595463138,0.415879017013232,0
"huntington 091",603,0.442786069651741,0.538971807628524,0.020408163
"huntington 092",412,0.567961165048544,0.400485436893204,0.08141321
"huntington 093",496,0.532258064516129,0.441532258064516,0.009589041
"huntington 094",594,0.558922558922559,0.424242424242424,0.070695553
"huntington 095",372,0.467741935483871,0.516129032258065,0.017452007
"huntington 096",426,0.52112676056338,0.450704225352113,0.053900709
"huntington 097",674,0.408011869436202,0.56973293768546,0.015503876
"huntington 098",857,0.402567094515753,0.557759626604434,0.013761468
"huntington 099",471,0.447983014861996,0.530785562632696,0.038243626
"huntington 100",742,0.460916442048518,0.533692722371968,0.049095607
"huntington 101",1061,0.460885956644675,0.518378887841659,0.034709755
"huntington 102",775,0.412903225806452,0.56,0.016233766
"huntington 103",559,0.48479427549195,0.502683363148479,0.04735062
"huntington 104",481,0.617463617463617,0.363825363825364,0.076203209
"huntington 105",212,0.471698113207547,0.523584905660377,0.039039039
"huntington 106",358,0.41340782122905,0.575418994413408,0.003636364
"huntington 107",708,0.548022598870056,0.423728813559322,0.058453237
"huntington 108",606,0.415841584158416,0.566006600660066,0.008629989
"huntington 109",900,0.543333333333333,0.443333333333333,0.044065805
"huntington 110",529,0.379962192816635,0.597353497164461,0.001381215
"huntington 111",360,0.463888888888889,0.519444444444444,0.005649718
"huntington 112",1034,0.429400386847195,0.551257253384913,0.032549729
"huntington 113",698,0.378223495702006,0.601719197707736,0.003095975
"huntington 114",724,0.628453038674033,0.359116022099448,0.063938619
"huntington 115",211,0.497630331753554,0.497630331753554,0.074270557
"huntington 116",421,0.413301662707838,0.574821852731591,0.01065449
"huntington 117",387,0.457364341085271,0.529715762273902,0.020700637
"huntington 118",401,0.443890274314214,0.533665835411471,0.04200542
"huntington 119",725,0.364137931034483,0.620689655172414,0.0008726
"huntington 120",597,0.472361809045226,0.499162479061977,0.015186916
"huntington 121",509,0.518664047151277,0.453831041257367,0.025920873
"huntington 122",569,0.404217926186292,0.572934973637961,0.029113924
"huntington 123",681,0.629955947136564,0.348017621145374,0.094820018
"huntington 124",605,0.381818181818182,0.598347107438017,0.025641026
"huntington 125",868,0.474654377880184,0.512672811059908,0.026001405
"huntington 126",469,0.432835820895522,0.554371002132196,0.016713092
"huntington 127",626,0.400958466453674,0.571884984025559,0.002072539
"huntington 128",600,0.456666666666667,0.531666666666667,0.004424779
"huntington 129",573,0.408376963350785,0.581151832460733,0.008536585
"huntington 130",523,0.504780114722753,0.474187380497132,0.018741633
"huntington 131",481,0.363825363825364,0.617463617463617,0.002781641
"huntington 132",345,0.466666666666667,0.521739130434783,0.026690391
"huntington 133",428,0.483644859813084,0.507009345794392,0.008025682
"huntington 134",578,0.482698961937716,0.493079584775087,0.042391304
"huntington 135",555,0.436036036036036,0.540540540540541,0.034034034
"huntington 136",555,0.448648648648649,0.531531531531532,0.014115092
"huntington 137",469,0.543710021321962,0.430703624733475,0.050913838
"huntington 138",612,0.51797385620915,0.465686274509804,0.048076923
"huntington 139",441,0.430839002267574,0.55328798185941,0.03125
"huntington 140",694,0.404899135446686,0.573487031700288,0
"huntington 141",266,0.37218045112782,0.609022556390977,0.013404826
"huntington 142",376,0.375,0.609042553191489,0.022857143
"huntington 143",419,0.458233890214797,0.532219570405728,0.036450079
"huntington 144",966,0.460662525879917,0.525879917184265,0.024420024
"huntington 145",504,0.509920634920635,0.48015873015873,0.017902813
"huntington 146",157,0.54140127388535,0.452229299363057,0.008849558
"huntington 147",356,0.432584269662921,0.558988764044944,0.0395189
"huntington 148",362,0.395027624309392,0.585635359116022,0.030035336
"huntington 149",475,0.488421052631579,0.496842105263158,0.004341534
"huntington 150",318,0.566037735849057,0.405660377358491,0.004750594
"huntington 151",570,0.501754385964912,0.487719298245614,0.005422993
"huntington 152",184,0.46195652173913,0.516304347826087,0.070381232
"huntington 153",474,0.434599156118143,0.554852320675105,0.007587253
"huntington 154",358,0.474860335195531,0.511173184357542,0.029929577
"huntington 155",464,0.510775862068966,0.46551724137931,0.100806452
"huntington 156",338,0.50887573964497,0.473372781065089,0.012072435
"huntington 157",349,0.469914040114613,0.518624641833811,0.038732394
"huntington 158",987,0.775075987841945,0.205673758865248,0.104882459
"huntington 159",368,0.388586956521739,0.592391304347826,0.009363296
"huntington 160",296,0.341216216216216,0.64527027027027,0.006637168
"huntington 161",381,0.459317585301837,0.517060367454068,0
"huntington 162",913,0.404162102957284,0.575027382256298,0.02557377
"huntington 163",581,0.413080895008606,0.57487091222031,0.027090695
"huntington 164",377,0.427055702917772,0.557029177718833,0.011152416
"huntington 165",419,0.424821002386635,0.553699284009546,0.03256445
"huntington 166",403,0.516129032258065,0.468982630272953,0.054794521
"huntington 167",374,0.422459893048128,0.572192513368984,0.040697674
"huntington 168",444,0.380630630630631,0.605855855855856,0.001540832
"huntington 169",460,0.473913043478261,0.510869565217391,0.045205479
"huntington 170",255,0.450980392156863,0.533333333333333,0.029484029
"huntington 171",136,0.411764705882353,0.536764705882353,0.012096774
"huntington 172",21,0.19047619047619,0.761904761904762,0.028571429
"huntington 173",23,0.521739130434783,0.478260869565217,0.032258065
"huntington 174",41,0.317073170731707,0.560975609756098,0.012820513
"huntington 175",140,0.421428571428571,0.564285714285714,0.047619048
"huntington 176",16,0.8125,0.1875,0.052631579
"huntington 177",126,0.865079365079365,0.119047619047619,0.451807229
"huntington 178",493,0.42393509127789,0.565922920892495,0.017195767
"islip 001",526,0.347908745247148,0.634980988593156,0.009020619
"islip 002",411,0.4330900243309,0.518248175182482,0.030769231
"islip 003",545,0.695412844036697,0.280733944954128,0.220643939
"islip 004",600,0.748333333333333,0.24,0.252228164
"islip 005",313,0.849840255591054,0.130990415335463,0.248780488
"islip 006",50,0.7,0.28,0.44
"islip 007",583,0.548885077186964,0.44082332761578,0.095098039
"islip 008",455,0.663736263736264,0.32967032967033,0.021847071
"islip 009",665,0.879699248120301,0.111278195488722,0.634417129
"islip 010",762,0.375328083989501,0.599737532808399,0
"islip 011",588,0.493197278911565,0.496598639455782,0.058378378
"islip 012",1110,0.52972972972973,0.446846846846847,0.106892523
"islip 013",671,0.284649776453055,0.687034277198212,0.018887723
"islip 014",722,0.422437673130194,0.556786703601108,0.049095607
"islip 015",807,0.451053283767038,0.535315985130111,0.054373522
"islip 016",1338,0.695814648729447,0.292227204783259,0.198037467
"islip 017",1088,0.836397058823529,0.139705882352941,0.396140173
"islip 018",583,0.507718696397942,0.466552315608919,0.018454441
"islip 019",458,0.462882096069869,0.524017467248908,0.00777605
"islip 020",546,0.47985347985348,0.5,0.023446659
"islip 021",746,0.473190348525469,0.509383378016086,0.005791506
"islip 022",87,0.379310344827586,0.609195402298851,0.026143791
"islip 023",426,0.471830985915493,0.509389671361502,0.077496274
"islip 024",642,0.468847352024922,0.517133956386293,0.028320313
"islip 025",943,0.424178154825027,0.564156945917285,0.083276913
"islip 026",582,0.388316151202749,0.597938144329897,0.030516432
"islip 027",592,0.755067567567568,0.241554054054054,0.330404218
"islip 028",622,0.440514469453376,0.535369774919614,0.092105263
"islip 029",1070,0.900934579439252,0.0869158878504673,0.720357942
"islip 030",826,0.820823244552058,0.170702179176755,0.299389002
"islip 031",757,0.351387054161163,0.638044914134742,0.014834206
"islip 032",472,0.529661016949153,0.438559322033898,0.164765526
"islip 033",546,0.838827838827839,0.144688644688645,0.507755946
"islip 034",664,0.509036144578313,0.469879518072289,0.154529307
"islip 035",300,0.4,0.58,0.03655914
"islip 036",368,0.798913043478261,0.190217391304348,0.382697947
"islip 037",668,0.414670658682635,0.568862275449102,0.007326007
"islip 038",560,0.517857142857143,0.457142857142857,0.017676768
"islip 039",516,0.406976744186047,0.577519379844961,0.008130081
"islip 040",483,0.345755693581781,0.635610766045549,0.007575758
"islip 041",256,0.4453125,0.5390625,0.016620499
"islip 042",768,0.3984375,0.58984375,0.002516779
"islip 043",315,0.387301587301587,0.6,0.019911504
"islip 044",572,0.702797202797203,0.283216783216783,0.305769231
"islip 045",566,0.46643109540636,0.492932862190813,0.035227273
"islip 046",280,0.7,0.282142857142857,0.169642857
"islip 047",608,0.409539473684211,0.575657894736842,0.043859649
"islip 048",839,0.606674612634088,0.373063170441001,0.165919283
"islip 049",575,0.36,0.629565217391304,0.017114914
"islip 050",460,0.482608695652174,0.502173913043478,0.061617458
"islip 051",811,0.734895191122071,0.18865598027127,0.391304348
"islip 052",697,0.436154949784792,0.538020086083214,0.01304753
"islip 053",608,0.422697368421053,0.557565789473684,0.023255814
"islip 054",516,0.534883720930233,0.457364341085271,0.074112735
"islip 055",798,0.784461152882206,0.204260651629073,0.510020733
"islip 056",459,0.403050108932462,0.566448801742919,0.006711409
"islip 057",597,0.395309882747069,0.582914572864322,0.004514673
"islip 058",773,0.433376455368693,0.545924967658473,0.024449878
"islip 059",452,0.783185840707965,0.190265486725664,0.369426752
"islip 060",420,0.804761904761905,0.164285714285714,0.573301549
"islip 061",819,0.452991452991453,0.517704517704518,0.006018917
"islip 062",861,0.389082462253194,0.59349593495935,0.025495751
"islip 063",591,0.88663282571912,0.106598984771574,0.555178268
"islip 064",469,0.426439232409382,0.55863539445629,0.030544489
"islip 065",536,0.419776119402985,0.569029850746269,0.074429772
"islip 066",766,0.421671018276762,0.558746736292428,0.058464223
"islip 067",400,0.5925,0.3725,0.182222222
"islip 068",470,0.8,0.185106382978723,0.512761021
"islip 069",595,0.450420168067227,0.515966386554622,0.072992701
"islip 070",781,0.379001280409731,0.605633802816901,0.017361111
"islip 071",323,0.637770897832817,0.343653250773994,0.362760835
"islip 072",582,0.871134020618557,0.0996563573883162,0.261278195
"islip 073",520,0.878846153846154,0.115384615384615,0.528531338
"islip 074",298,0.318791946308725,0.661073825503356,0.061363636
"islip 075",684,0.954678362573099,0.0423976608187134,0.294223827
"islip 076",325,0.461538461538462,0.52,0.022573363
"islip 077",764,0.781413612565445,0.209424083769634,0.350274725
"islip 078",700,0.361428571428571,0.62,0.033170732
"islip 079",666,0.509009009009009,0.472972972972973,0.061864407
"islip 080",644,0.635093167701863,0.343167701863354,0.242589704
"islip 081",963,0.485981308411215,0.4932502596054,0.026855124
"islip 082",516,0.391472868217054,0.596899224806202,0.031088083
"islip 083",610,0.822950819672131,0.150819672131148,0.612875536
"islip 084",385,0.761038961038961,0.223376623376623,0.497167139
"islip 085",741,0.802968960863698,0.171390013495277,0.614718615
"islip 086",427,0.838407494145199,0.142857142857143,0.430939227
"islip 087",687,0.416302765647744,0.564774381368268,0.022351798
"islip 088",565,0.447787610619469,0.541592920353982,0.067643743
"islip 089",586,0.472696245733788,0.489761092150171,0.138445154
"islip 090",761,0.416557161629435,0.54796320630749,0.027506655
"islip 091",412,0.446601941747573,0.529126213592233,0.035714286
"islip 092",304,0.865131578947368,0.131578947368421,0.445054945
"islip 093",519,0.799614643545279,0.186897880539499,0.405377456
"islip 094",274,0.791970802919708,0.204379562043796,0.516634051
"islip 095",436,0.772935779816514,0.215596330275229,0.547533093
"islip 096",219,0.863013698630137,0.132420091324201,0.592356688
"islip 097",348,0.594827586206897,0.387931034482759,0.23374613
"islip 098",480,0.495833333333333,0.483333333333333,0.108462455
"islip 099",904,0.460176991150442,0.524336283185841,0.044025157
"islip 100",219,0.821917808219178,0.150684931506849,0.599552573
"islip 101",639,0.471048513302034,0.511737089201878,0.017353579
"islip 102",764,0.49738219895288,0.468586387434555,0.06097561
"islip 103",296,0.510135135135135,0.469594594594595,0.049145299
"islip 104",441,0.82312925170068,0.160997732426304,0.530516432
"islip 105",465,0.294623655913978,0.683870967741935,0.025885559
"islip 106",582,0.445017182130584,0.536082474226804,0.007623888
"islip 107",501,0.429141716566866,0.546906187624751,0.1
"islip 108",743,0.421265141318977,0.570659488559892,0.017495396
"islip 109",310,0.338709677419355,0.658064516129032,0.010964912
"islip 110",845,0.443786982248521,0.536094674556213,0.071277347
"islip 111",556,0.784172661870504,0.199640287769784,0.519494204
"islip 112",779,0.391527599486521,0.58793324775353,0.052675585
"islip 113",399,0.80952380952381,0.152882205513784,0.546635183
"islip 114",630,0.70952380952381,0.252380952380952,0.285051068
"islip 115",310,0.767741935483871,0.209677419354839,0.46953405
"islip 116",681,0.428781204111601,0.556534508076358,0.076487252
"islip 117",535,0.786915887850467,0.205607476635514,0.482792527
"islip 118",713,0.427769985974755,0.548387096774194,0.024756852
"islip 119",487,0.878850102669405,0.112936344969199,0.677532014
"islip 120",1337,0.403141361256544,0.578908002991773,0.030046948
"islip 121",589,0.251273344651952,0.731748726655348,0.007017544
"islip 122",665,0.389473684210526,0.590977443609023,0.035425101
"islip 123",671,0.423248882265276,0.557377049180328,0.019305019
"islip 124",368,0.861413043478261,0.122282608695652,0.513736264
"islip 125",543,0.699815837937385,0.211786372007366,0.445205479
"islip 126",534,0.543071161048689,0.438202247191011,0.078512397
"islip 127",461,0.308026030368764,0.685466377440347,0.008982036
"islip 128",753,0.612217795484728,0.339973439575033,0.199264706
"islip 129",326,0.582822085889571,0.392638036809816,0.084536082
"islip 130",616,0.394480519480519,0.556818181818182,0.0025
"islip 131",639,0.422535211267606,0.543035993740219,0.048654244
"islip 132",473,0.469344608879493,0.515856236786469,0.021680217
"islip 133",510,0.762745098039216,0.213725490196078,0.256521739
"islip 134",818,0.411980440097799,0.572127139364303,0.022290546
"islip 135",510,0.503921568627451,0.476470588235294,0.058624577
"islip 136",374,0.352941176470588,0.628342245989305,0.03868472
"islip 137",516,0.422480620155039,0.540697674418605,0.038910506
"islip 138",437,0.352402745995423,0.620137299771167,0.046153846
"islip 139",899,0.4293659621802,0.555061179087875,0.098774333
"islip 140",638,0.470219435736677,0.5141065830721,0.048805815
"islip 141",648,0.41820987654321,0.567901234567901,0.004357298
"islip 142",589,0.455008488964346,0.536502546689304,0.071428571
"islip 143",511,0.444227005870841,0.534246575342466,0.004261364
"islip 144",619,0.449111470113086,0.531502423263328,0.013856813
"islip 145",568,0.51056338028169,0.461267605633803,0.027166882
"islip 146",669,0.360239162929746,0.617339312406577,0.004911591
"islip 147",500,0.346,0.634,0.037292818
"islip 148",535,0.383177570093458,0.613084112149533,0.063694268
"islip 149",656,0.422256097560976,0.551829268292683,0.028650647
"islip 150",303,0.762376237623762,0.211221122112211,0.406408094
"islip 151",628,0.348726114649682,0.638535031847134,0.045026178
"islip 152",963,0.419522326064382,0.561786085150571,0.075574365
"islip 153",531,0.416195856873823,0.568738229755179,0.040748899
"islip 154",735,0.496598639455782,0.481632653061224,0.083747927
"islip 155",891,0.423120089786756,0.554433221099888,0.032958801
"islip 156",584,0.809931506849315,0.176369863013699,0.319128788
"islip 157",539,0.395176252319109,0.573283858998145,0.057416268
"islip 158",23,0.130434782608696,0.869565217391304,0.058823529
"islip 159",694,0.536023054755043,0.435158501440922,0.061383061
"islip 160",488,0.766393442622951,0.221311475409836,0.491841492
"islip 161",827,0.373639661426844,0.60217654171705,0.004374453
"islip 162",790,0.473417721518987,0.508860759493671,0.068239259
"islip 163",550,0.5,0.461818181818182,0.09602649
"islip 164",619,0.373182552504039,0.596122778675283,0.021276596
"islip 165",647,0.360123647604328,0.624420401854714,0.00686948
"islip 166",557,0.414721723518851,0.565529622980251,0.032451923
"islip 167",410,0.521951219512195,0.448780487804878,0.099590723
"islip 168",576,0.802083333333333,0.196180555555556,0.344319167
"islip 169",572,0.762237762237762,0.225524475524476,0.259259259
"islip 170",160,0.50625,0.41875,0.29305136
"islip 171",368,0.58695652173913,0.385869565217391,0.230088496
"islip 172",1071,0.471521942110177,0.502334267040149,0.059481743
"islip 173",712,0.50561797752809,0.471910112359551,0.07790927
"islip 174",166,0.903614457831325,0.0843373493975904,0.476973684
"islip 175",487,0.837782340862423,0.137577002053388,0.643336529
"islip 176",541,0.922365988909427,0.0646950092421442,0.33877551
"islip 177",833,0.397358943577431,0.566626650660264,0.036539896
"islip 178",524,0.442748091603053,0.534351145038168,0.067088608
"islip 179",531,0.525423728813559,0.446327683615819,0.066733068
"islip 180",860,0.475581395348837,0.505813953488372,0.063037249
"islip 181",502,0.836653386454183,0.159362549800797,0.436734694
"islip 182",305,0.386885245901639,0.570491803278689,0
"islip 183",229,0.502183406113537,0.467248908296943,0.058495822
"islip 184",653,0.491577335375191,0.488514548238897,0.081318681
"islip 186",474,0.567510548523207,0.419831223628692,0.106122449
"islip 187",430,0.490697674418605,0.488372093023256,0.096354167
"islip 188",63,0.46031746031746,0.53968253968254,0.10989011
"islip 189",252,0.75,0.234126984126984,0.361328125
"islip 190",92,0.717391304347826,0.25,0.114893617
"islip 191",7,0.571428571428571,0.428571428571429,0
"islip 192",658,0.433130699088146,0.544072948328267,0.040665434
"islip 193",417,0.767386091127098,0.20863309352518,0.251396648
"islip 194",428,0.852803738317757,0.123831775700935,0.635502959
"islip 195",416,0.355769230769231,0.612980769230769,0.022508039
"islip 196",393,0.786259541984733,0.198473282442748,0.314404432
"islip 197",351,0.307692307692308,0.675213675213675,0.018947368
"islip 198",479,0.440501043841336,0.538622129436326,0.051378446
"islip 199",337,0.875370919881306,0.106824925816024,0.576271186
"islip 200",344,0.802325581395349,0.183139534883721,0.482388974
"islip 201",461,0.455531453362256,0.509761388286334,0.03511236
"islip 202",500,0.512,0.478,0.090909091
"islip 203",378,0.433862433862434,0.555555555555556,0.010657194
"islip 204",221,0.760180995475113,0.203619909502262,0.339943343
"islip 205",282,0.794326241134752,0.180851063829787,0.62962963
"islip 206",464,0.808189655172414,0.170258620689655,0.588374852
"islip 207",372,0.85752688172043,0.120967741935484,0.512265512
"islip 208",406,0.189655172413793,0.795566502463054,0
"islip 209",444,0.463963963963964,0.529279279279279,0.058823529
"islip 210",421,0.437054631828979,0.539192399049881,0.101470588
"islip 211",567,0.483245149911817,0.497354497354497,0.077595628
"islip 212",633,0.398104265402844,0.58609794628752,0.017838405
"islip 213",626,0.429712460063898,0.549520766773163,0.063045587
"islip 214",540,0.340740740740741,0.638888888888889,0.02677532
"islip 215",45,0.466666666666667,0.511111111111111,0.066666667
"islip 216",1648,0.424757281553398,0.557645631067961,0.069980119
"islip 217",119,0.613445378151261,0.369747899159664,0.140449438
"islip 218",30,0.566666666666667,0.433333333333333,0.125
"islip 220",2,1,0,1
"islip 221",40,0.25,0.725,0.014705882
"islip 222",534,0.5187265917603,0.438202247191011,0.064239829
"islip 223",523,0.470363288718929,0.512428298279159,0.051480051
"islip 224",247,0.530364372469636,0.433198380566802,0.067940552
"riverhead 001",884,0.470588235294118,0.518099547511312,0.018239492
"riverhead 002",352,0.633522727272727,0.335227272727273,0.044444444
"riverhead 003",142,0.507042253521127,0.485915492957746,0.063380282
"riverhead 004",938,0.510660980810235,0.46908315565032,0.042328042
"riverhead 005",301,0.554817275747508,0.411960132890365,0.042986425
"riverhead 006",208,0.600961538461538,0.360576923076923,0.080729167
"riverhead 007",946,0.413319238900634,0.56553911205074,0.032011134
"riverhead 008",595,0.423529411764706,0.559663865546218,0.016372796
"riverhead 009",531,0.564971751412429,0.412429378531073,0.042959427
"riverhead 010",252,0.492063492063492,0.472222222222222,0.051546392
"riverhead 011",766,0.389033942558747,0.601827676240209,0.022727273
"riverhead 012",1136,0.470070422535211,0.515845070422535,0.044232923
"riverhead 013",816,0.5625,0.41421568627451,0.054095827
"riverhead 014",915,0.422950819672131,0.551912568306011,0.021674141
"riverhead 015",104,0.413461538461538,0.576923076923077,0.051136364
"riverhead 016",602,0.397009966777409,0.57641196013289,0.027954257
"riverhead 017",1338,0.47085201793722,0.495515695067265,0.026958291
"riverhead 018",338,0.467455621301775,0.514792899408284,0.039033457
"riverhead 019",1051,0.420551855375833,0.569933396764986,0.036482085
"riverhead 020",1325,0.390943396226415,0.595471698113208,0.029380902
"riverhead 021",510,0.433333333333333,0.554901960784314,0.038961039
"riverhead 022",884,0.546380090497738,0.437782805429864,0.049684543
"shelterisland 001",472,0.542372881355932,0.436440677966102,0.007886435
"shelterisland 002",464,0.540948275862069,0.428879310344828,0.006557377
"shelterisland 003",385,0.594805194805195,0.381818181818182,0.007352941
"shelterisland 004",459,0.570806100217865,0.400871459694989,0.001683502
"smithtown 001",506,0.339920948616601,0.626482213438735,0.010403121
"smithtown 002",953,0.334732423924449,0.645330535152151,0.007868383
"smithtown 003",428,0.39018691588785,0.58411214953271,0.017160686
"smithtown 004",531,0.397363465160075,0.576271186440678,0.011320755
"smithtown 005",800,0.41125,0.565,0.050974513
"smithtown 006",628,0.404458598726115,0.558917197452229,0.036363636
"smithtown 007",430,0.423255813953488,0.56046511627907,0.025679758
"smithtown 008",610,0.390163934426229,0.577049180327869,0.002111932
"smithtown 009",872,0.399082568807339,0.57454128440367,0.009931245
"smithtown 010",687,0.39155749636099,0.569141193595342,0.007992895
"smithtown 011",1011,0.422354104846686,0.562809099901088,0.027958388
"smithtown 012",577,0.365684575389948,0.616984402079723,0.006002401
"smithtown 013",1058,0.354442344045369,0.627599243856333,0.014336918
"smithtown 014",588,0.340136054421769,0.641156462585034,0.002333722
"smithtown 015",923,0.429035752979415,0.551462621885157,0.021321962
"smithtown 016",531,0.387947269303202,0.585687382297552,0.006337136
"smithtown 017",474,0.409282700421941,0.540084388185654,0.038770053
"smithtown 018",407,0.42997542997543,0.557739557739558,0.029503106
"smithtown 019",384,0.4453125,0.549479166666667,0.023890785
"smithtown 020",769,0.375812743823147,0.568270481144343,0.008256881
"smithtown 021",855,0.424561403508772,0.567251461988304,0.028951487
"smithtown 022",808,0.423267326732673,0.560643564356436,0.006245121
"smithtown 023",509,0.420432220039293,0.55992141453831,0.058056872
"smithtown 024",473,0.365750528541226,0.619450317124736,0.043478261
"smithtown 025",346,0.401734104046243,0.57514450867052,0.012891344
"smithtown 026",913,0.305585980284775,0.670317634173056,0.024756189
"smithtown 027",592,0.456081081081081,0.535472972972973,0.012903226
"smithtown 028",630,0.342857142857143,0.647619047619048,0.01787592
"smithtown 029",842,0.362232779097387,0.623515439429929,0.015548282
"smithtown 030",473,0.45877378435518,0.530655391120507,0.059288538
"smithtown 031",651,0.43010752688172,0.559139784946237,0.034213099
"smithtown 032",326,0.45398773006135,0.50920245398773,0.035294118
"smithtown 033",761,0.350854139290407,0.630749014454665,0.014336918
"smithtown 034",480,0.40625,0.577083333333333,0.037974684
"smithtown 035",627,0.41786283891547,0.558213716108453,0.023326572
"smithtown 036",721,0.400832177531207,0.586685159500693,0.059942912
"smithtown 037",705,0.442553191489362,0.524822695035461,0.023276634
"smithtown 038",1005,0.406965174129353,0.575124378109453,0.018447837
"smithtown 039",539,0.294990723562152,0.680890538033395,0.00476758
"smithtown 040",616,0.373376623376623,0.61038961038961,0.014659686
"smithtown 041",293,0.474402730375427,0.511945392491468,0.022779043
"smithtown 042",671,0.460506706408346,0.523099850968703,0.045231072
"smithtown 043",480,0.44375,0.539583333333333,0.039215686
"smithtown 044",448,0.359375,0.629464285714286,0.020926756
"smithtown 045",639,0.383411580594679,0.610328638497653,0.004188482
"smithtown 046",365,0.435616438356164,0.550684931506849,0.031578947
"smithtown 047",642,0.440809968847352,0.538940809968847,0.026236125
"smithtown 048",293,0.334470989761092,0.655290102389078,0.004048583
"smithtown 049",455,0.375824175824176,0.567032967032967,0.047468354
"smithtown 050",525,0.373333333333333,0.611428571428571,0.002525253
"smithtown 051",490,0.377551020408163,0.604081632653061,0.042735043
"smithtown 052",497,0.374245472837022,0.607645875251509,0.00554785
"smithtown 053",583,0.317324185248714,0.653516295025729,0.03125
"smithtown 054",1091,0.434463794683776,0.546287809349221,0.023650697
"smithtown 055",585,0.358974358974359,0.632478632478632,0.027056277
"smithtown 056",913,0.331872946330778,0.646221248630887,0.00300075
"smithtown 057",625,0.3808,0.5952,0.010604454
"smithtown 058",426,0.384976525821596,0.596244131455399,0.02994012
"smithtown 059",689,0.370101596516691,0.60522496371553,0.020887728
"smithtown 060",989,0.320525783619818,0.653185035389282,0.01795977
"smithtown 061",551,0.306715063520871,0.678765880217786,0.016036655
"smithtown 062",397,0.420654911838791,0.564231738035264,0.022569444
"smithtown 063",472,0.38135593220339,0.601694915254237,0.004076087
"smithtown 064",890,0.353932584269663,0.628089887640449,0.015544041
"smithtown 065",707,0.388967468175389,0.588401697312588,0.006660324
"smithtown 066",352,0.411931818181818,0.5625,0.061452514
"smithtown 067",595,0.366386554621849,0.611764705882353,0.0093361
"smithtown 068",400,0.4475,0.5225,0.009983361
"smithtown 069",438,0.372146118721461,0.607305936073059,0.02367688
"smithtown 070",686,0.415451895043732,0.567055393586006,0.010232558
"smithtown 071",370,0.459459459459459,0.524324324324324,0.033457249
"smithtown 072",681,0.377386196769457,0.602055800293686,0.011530398
"smithtown 073",454,0.451541850220264,0.526431718061674,0.050505051
"smithtown 074",507,0.358974358974359,0.595660749506903,0.001331558
"smithtown 075",666,0.39039039039039,0.596096096096096,0.02106319
"smithtown 076",740,0.328378378378378,0.654054054054054,0.013311148
"smithtown 077",429,0.377622377622378,0.608391608391608,0.046548957
"smithtown 078",634,0.400630914826498,0.585173501577287,0.029927761
"smithtown 079",963,0.392523364485981,0.582554517133956,0.013962766
"smithtown 080",564,0.384751773049645,0.599290780141844,0.02615193
"smithtown 081",655,0.424427480916031,0.561832061068702,0.016865079
"smithtown 082",607,0.416803953871499,0.563426688632619,0.017621145
"smithtown 083",431,0.364269141531323,0.610208816705336,0.037202381
"smithtown 084",592,0.347972972972973,0.626689189189189,0.021372328
"smithtown 085",577,0.417677642980936,0.570190641247834,0.009463722
"smithtown 086",406,0.391625615763547,0.596059113300493,0.030150754
"smithtown 087",452,0.442477876106195,0.539823008849557,0.007204611
"smithtown 088",382,0.397905759162304,0.591623036649215,0.021276596
"smithtown 089",439,0.378132118451025,0.608200455580866,0.035294118
"smithtown 090",263,0.406844106463878,0.574144486692015,0.013605442
"smithtown 091",571,0.423817863397548,0.542907180385289,0.020607375
"smithtown 092",622,0.427652733118971,0.562700964630225,0.009193054
"southampton 001",726,0.666666666666667,0.31404958677686,0.019323671
"southampton 002",491,0.543788187372709,0.437881873727088,0.019061584
"southampton 003",732,0.692622950819672,0.289617486338798,0.050711744
"southampton 004",962,0.501039501039501,0.472972972972973,0.039244186
"southampton 005",412,0.502427184466019,0.487864077669903,0.043859649
"southampton 006",465,0.582795698924731,0.389247311827957,0.030215827
"southampton 007",522,0.632183908045977,0.346743295019157,0.046025105
"southampton 008",549,0.418943533697632,0.562841530054645,0.080094229
"southampton 009",739,0.500676589986468,0.491204330175913,0.025732032
"southampton 010",320,0.396875,0.56875,0.001883239
"southampton 011",937,0.388473852721451,0.59871931696905,0.024787535
"southampton 012",845,0.661538461538462,0.315976331360947,0.13726836
"southampton 013",493,0.515212981744422,0.466531440162272,0.031437126
"southampton 014",367,0.425068119891008,0.564032697547684,0.017985612
"southampton 015",611,0.525368248772504,0.450081833060556,0.091188525
"southampton 016",925,0.557837837837838,0.428108108108108,0.049084249
"southampton 017",499,0.464929859719439,0.507014028056112,0.130328867
"southampton 018",690,0.5,0.479710144927536,0.009137056
"southampton 019",332,0.647590361445783,0.298192771084337,0.057251908
"southampton 020",712,0.512640449438202,0.464887640449438,0.081352834
"southampton 021",361,0.670360110803324,0.299168975069252,0.025974026
"southampton 022",406,0.455665024630542,0.532019704433498,0.073667712
"southampton 023",1233,0.467153284671533,0.51257096512571,0.009244154
"southampton 024",441,0.365079365079365,0.614512471655329,0.063106796
"southampton 025",704,0.517045454545455,0.455965909090909,0.044609665
"southampton 026",936,0.655982905982906,0.317307692307692,0.062992126
"southampton 027",884,0.368778280542986,0.608597285067873,0.048245614
"southampton 028",801,0.503121098626717,0.473158551810237,0.030612245
"southampton 029",595,0.443697478991597,0.542857142857143,0.006038647
"southampton 030",510,0.586274509803922,0.4,0.062909567
"southampton 031",764,0.587696335078534,0.380890052356021,0.007944389
"southampton 032",740,0.537837837837838,0.436486486486486,0.156169111
"southampton 033",486,0.495884773662551,0.487654320987654,0.123304562
"southampton 034",526,0.480988593155894,0.498098859315589,0.100811124
"southampton 035",592,0.396959459459459,0.565878378378378,0.005793743
"southampton 036",794,0.575566750629723,0.41183879093199,0.033304868
"southampton 037",643,0.553654743390358,0.432348367029549,0.049302326
"southampton 038",440,0.55,0.415909090909091,0.079022989
"southampton 039",589,0.573853989813243,0.365025466893039,0.079470199
"southampton 040",415,0.436144578313253,0.532530120481928,0.102819237
"southampton 041",383,0.70757180156658,0.276762402088773,0.063953488
"southampton 042",546,0.52014652014652,0.452380952380952,0.018518519
"southold 001",143,0.517482517482518,0.426573426573427,0.025423729
"southold 002",551,0.578947368421053,0.399274047186933,0.005970149
"southold 003",472,0.442796610169492,0.538135593220339,0.006097561
"southold 004",633,0.494470774091627,0.33175355450237,0.016393443
"southold 005",297,0.535353535353535,0.444444444444444,0.042713568
"southold 006",511,0.675146771037182,0.285714285714286,0.065244668
"southold 007",587,0.601362862010221,0.38160136286201,0.04029304
"southold 008",783,0.486590038314176,0.491698595146871,0.001953125
"southold 009",1038,0.428709055876686,0.560693641618497,0.00353857
"southold 010",530,0.426415094339623,0.545283018867925,0.032
"southold 011",623,0.452648475120385,0.536115569823435,0.007290401
"southold 012",796,0.438442211055276,0.547738693467337,0.013344454
"southold 013",1003,0.440677966101695,0.531405782652044,0.004498715
"southold 014",562,0.414590747330961,0.571174377224199,0.00273224
"southold 015",721,0.446601941747573,0.533980582524272,0.002857143
"southold 016",504,0.416666666666667,0.456349206349206,0.001597444
"southold 017",622,0.392282958199357,0.596463022508039,0.005643341
"southold 018",856,0.413551401869159,0.564252336448598,0.006289308
"southold 019",880,0.411363636363636,0.570454545454545,0.001771479
