"precinct","total_votes","pct_clinton","pct_trump","pct_hisp"
"bedford ed 001",430,0.6,0.337209302325581,0.011784512
"bedford ed 002",429,0.648018648018648,0.268065268065268,0.016393443
"bedford ed 003",585,0.652991452991453,0.311111111111111,0.041612484
"bedford ed 004",526,0.577946768060836,0.38212927756654,0.096590909
"bedford ed 005",578,0.650519031141868,0.28719723183391,0.183291771
"bedford ed 006",303,0.696369636963696,0.260726072607261,0.012690355
"bedford ed 007",440,0.595454545454545,0.320454545454545,0.006872852
"bedford ed 008",766,0.702349869451697,0.232375979112272,0.012182741
"bedford ed 009",575,0.638260869565217,0.309565217391304,0.051869723
"bedford ed 010",399,0.606516290726817,0.330827067669173,0.00877193
"bedford ed 011",601,0.597337770382696,0.336106489184692,0.007194245
"bedford ed 012",563,0.616341030195382,0.303730017761989,0.043256997
"bedford ed 013",443,0.584650112866817,0.340857787810384,0.035483871
"bedford ed 015",550,0.661818181818182,0.276363636363636,0.015852048
"bedford ed 016",289,0.643598615916955,0.314878892733564,0.06746988
"bedford ed 017",334,0.589820359281437,0.329341317365269,0.008908686
"bedford ed 018",191,0.649214659685864,0.267015706806283,0.048913043
"cortlandt ed 001",623,0.362760834670947,0.571428571428571,0.070921986
"cortlandt ed 002",408,0.448529411764706,0.502450980392157,0.117001828
"cortlandt ed 003",232,0.362068965517241,0.586206896551724,0.079510703
"cortlandt ed 004",560,0.460714285714286,0.4875,0.061111111
"cortlandt ed 005",591,0.583756345177665,0.377326565143824,0.040047114
"cortlandt ed 006",591,0.785109983079526,0.150592216582064,0.059593023
"cortlandt ed 007",489,0.656441717791411,0.265848670756646,0.082508251
"cortlandt ed 008",517,0.719535783365571,0.218568665377176,0.0781893
"cortlandt ed 009",387,0.674418604651163,0.263565891472868,0.031380753
"cortlandt ed 010",688,0.655523255813954,0.268895348837209,0.038600724
"cortlandt ed 011",546,0.580586080586081,0.358974358974359,0.055769231
"cortlandt ed 012",530,0.567924528301887,0.386792452830189,0.145862553
"cortlandt ed 013",978,0.533742331288344,0.424335378323108,0.130952381
"cortlandt ed 014",627,0.537480063795853,0.427432216905901,0.118527043
"cortlandt ed 015",757,0.540290620871863,0.400264200792602,0.089478859
"cortlandt ed 016",399,0.345864661654135,0.593984962406015,0.114337568
"cortlandt ed 017",313,0.539936102236422,0.39297124600639,0.018604651
"cortlandt ed 018",512,0.51171875,0.4296875,0.13940256
"cortlandt ed 019",262,0.698473282442748,0.270992366412214,0.006410256
"cortlandt ed 020",518,0.521235521235521,0.432432432432432,0.17440225
"cortlandt ed 021",796,0.501256281407035,0.454773869346734,0.151268116
"cortlandt ed 022",813,0.646986469864699,0.296432964329643,0.030217186
"cortlandt ed 023",653,0.609494640122512,0.355283307810107,0.072607261
"cortlandt ed 024",658,0.475683890577508,0.468085106382979,0.132620321
"cortlandt ed 025",817,0.740514075887393,0.20563035495716,0.025252525
"cortlandt ed 026",553,0.484629294755877,0.453887884267631,0.090663058
"cortlandt ed 027",665,0.427067669172932,0.538345864661654,0.105717368
"cortlandt ed 028",817,0.522643818849449,0.425948592411261,0.116469518
"cortlandt ed 029",216,0.722222222222222,0.203703703703704,0.014084507
"cortlandt ed 030",524,0.620229007633588,0.353053435114504,0.064556962
"cortlandt ed 031",455,0.635164835164835,0.331868131868132,0.053054662
"cortlandt ed 032",385,0.753246753246753,0.220779220779221,0.026970954
"cortlandt ed 033",470,0.670212765957447,0.270212765957447,0.030716724
"cortlandt ed 034",700,0.525714285714286,0.402857142857143,0.08886619
"cortlandt ed 035",392,0.497448979591837,0.456632653061224,0.107279693
"cortlandt ed 038",670,0.583582089552239,0.356716417910448,0.050163577
"cortlandt ed 039",674,0.623145400593472,0.323442136498516,0.056753689
"eastchester ed 001",622,0.65112540192926,0.289389067524116,0.027431421
"eastchester ed 002",280,0.567857142857143,0.392857142857143,0.027932961
"eastchester ed 003",457,0.448577680525164,0.487964989059081,0.025641026
"eastchester ed 004",581,0.442340791738382,0.499139414802065,0.053050398
"eastchester ed 005",483,0.380952380952381,0.575569358178054,0.015797788
"eastchester ed 006",286,0.412587412587413,0.531468531468531,0.020408163
"eastchester ed 007",313,0.39297124600639,0.552715654952077,0.042079208
"eastchester ed 008",407,0.380835380835381,0.574938574938575,0.021978022
"eastchester ed 009",270,0.425925925925926,0.540740740740741,0.089285714
"eastchester ed 010",477,0.492662473794549,0.446540880503145,0.040322581
"eastchester ed 011",256,0.58203125,0.38671875,0.127604167
"eastchester ed 012",397,0.604534005037783,0.360201511335013,0.163701068
"eastchester ed 013",733,0.526603001364257,0.409276944065484,0.075342466
"eastchester ed 014",586,0.704778156996587,0.228668941979522,0.105582524
"eastchester ed 015",598,0.38628762541806,0.553511705685619,0.015700483
"eastchester ed 016",575,0.60695652173913,0.293913043478261,0.034852547
"eastchester ed 017",551,0.566243194192377,0.321234119782214,0.054945055
"eastchester ed 018",331,0.619335347432024,0.29607250755287,0.021077283
"eastchester ed 019",446,0.600896860986547,0.327354260089686,0.03
"eastchester ed 020",588,0.612244897959184,0.316326530612245,0.008860759
"eastchester ed 021",358,0.533519553072626,0.385474860335196,0.006315789
"eastchester ed 022",568,0.577464788732394,0.360915492957746,0.002547771
"eastchester ed 023",645,0.477519379844961,0.449612403100775,0.023498695
"eastchester ed 024",256,0.3984375,0.55859375,0.033505155
"eastchester ed 025",495,0.351515151515152,0.602020202020202,0.023738872
"eastchester ed 026",453,0.342163355408389,0.618101545253863,0.019769357
"eastchester ed 027",452,0.632743362831858,0.307522123893805,0.045840407
"eastchester ed 028",379,0.448548812664908,0.50131926121372,0.042801556
"eastchester ed 029",590,0.357627118644068,0.6,0.021080369
"eastchester ed 030",458,0.417030567685589,0.532751091703057,0.008561644
"eastchester ed 031",372,0.497311827956989,0.451612903225806,0.028806584
"eastchester ed 032",405,0.516049382716049,0.409876543209877,0.053113553
"eastchester ed 033",248,0.508064516129032,0.431451612903226,0.07183908
"eastchester ed 034",320,0.640625,0.321875,0.007317073
"eastchester ed 035",325,0.427692307692308,0.538461538461538,0.064367816
"eastchester ed 036",379,0.33509234828496,0.614775725593668,0.038854806
"eastchester ed 037",307,0.39413680781759,0.560260586319218,0.025445293
"eastchester ed 038",414,0.367149758454106,0.582125603864734,0.013011152
"eastchester ed 039",384,0.296875,0.638020833333333,0.046092184
"greenburgh ed 001",885,0.745762711864407,0.204519774011299,0.203555556
"greenburgh ed 002",395,0.759493670886076,0.177215189873418,0.331081081
"greenburgh ed 003",475,0.778947368421053,0.185263157894737,0.23608769
"greenburgh ed 004",669,0.711509715994021,0.242152466367713,0.0625
"greenburgh ed 005",634,0.67192429022082,0.302839116719243,0.124096386
"greenburgh ed 006",294,0.612244897959184,0.32312925170068,0.066298343
"greenburgh ed 007",631,0.632329635499208,0.301109350237718,0.094300518
"greenburgh ed 008",648,0.725308641975309,0.212962962962963,0.063276836
"greenburgh ed 009",597,0.693467336683417,0.262981574539363,0.066326531
"greenburgh ed 010",746,0.64343163538874,0.302949061662198,0.072970195
"greenburgh ed 011",361,0.756232686980609,0.160664819944598,0.023094688
"greenburgh ed 012",544,0.595588235294118,0.351102941176471,0.054901961
"greenburgh ed 013",910,0.638461538461538,0.302197802197802,0.10530303
"greenburgh ed 014",518,0.803088803088803,0.156370656370656,0.09400545
"greenburgh ed 015",591,0.798646362098139,0.165820642978003,0.032128514
"greenburgh ed 016",610,0.637704918032787,0.316393442622951,0.083333333
"greenburgh ed 017",467,0.693790149892934,0.269807280513919,0.051529791
"greenburgh ed 018",727,0.788170563961486,0.15130674002751,0.064064064
"greenburgh ed 019",629,0.871224165341812,0.100158982511924,0.013767209
"greenburgh ed 020",552,0.72463768115942,0.239130434782609,0.015471167
"greenburgh ed 021",487,0.751540041067762,0.201232032854209,0.045608108
"greenburgh ed 022",305,0.731147540983607,0.20327868852459,0.081534772
"greenburgh ed 023",819,0.892551892551893,0.0732600732600733,0.009118541
"greenburgh ed 024",808,0.696782178217822,0.25990099009901,0.078080903
"greenburgh ed 025",678,0.705014749262537,0.246312684365782,0.038420491
"greenburgh ed 026",707,0.701555869872702,0.278642149929279,0.181102362
"greenburgh ed 027",534,0.634831460674157,0.323970037453184,0.221088435
"greenburgh ed 028",328,0.765243902439024,0.198170731707317,0.270916335
"greenburgh ed 029",204,0.504901960784314,0.441176470588235,0.052631579
"greenburgh ed 030",755,0.651655629139073,0.300662251655629,0.126617375
"greenburgh ed 031",905,0.679558011049724,0.266298342541436,0.069422777
"greenburgh ed 032",451,0.69179600886918,0.263858093126386,0.02293578
"greenburgh ed 033",556,0.751798561151079,0.196043165467626,0.019444444
"greenburgh ed 034",786,0.770992366412214,0.178117048346056,0.010486177
"greenburgh ed 035",601,0.750415973377704,0.201331114808652,0.00511509
"greenburgh ed 036",408,0.70343137254902,0.25,0.021582734
"greenburgh ed 037",637,0.627943485086342,0.313971742543171,0.052696078
"greenburgh ed 038",314,0.636942675159236,0.305732484076433,0.0925
"greenburgh ed 039",541,0.689463955637708,0.255083179297597,0.081717452
"greenburgh ed 040",543,0.583793738489871,0.372007366482505,0.044328553
"greenburgh ed 041",483,0.703933747412008,0.260869565217391,0.057098765
"greenburgh ed 042",520,0.748076923076923,0.196153846153846,0.171851852
"greenburgh ed 043",380,0.726315789473684,0.231578947368421,0.054968288
"greenburgh ed 044",587,0.752981260647359,0.201022146507666,0.151741294
"greenburgh ed 045",310,0.893548387096774,0.0838709677419355,0.144086022
"greenburgh ed 046",772,0.944300518134715,0.0440414507772021,0.115555556
"greenburgh ed 047",405,0.923456790123457,0.0567901234567901,0.10971223
"greenburgh ed 048",663,0.59577677224736,0.34841628959276,0.043525571
"greenburgh ed 049",705,0.665248226950355,0.285106382978723,0.015228426
"greenburgh ed 050",786,0.634860050890585,0.323155216284987,0.077220077
"greenburgh ed 051",337,0.534124629080119,0.439169139465875,0.084016393
"greenburgh ed 052",629,0.653418124006359,0.302066772655008,0.025220681
"greenburgh ed 053",599,0.726210350584307,0.243739565943239,0.079404467
"greenburgh ed 054",384,0.611979166666667,0.341145833333333,0.029357798
"greenburgh ed 055",741,0.658569500674764,0.292847503373819,0.140740741
"greenburgh ed 056",520,0.734615384615385,0.217307692307692,0.105563481
"greenburgh ed 057",599,0.699499165275459,0.260434056761269,0.04150454
"greenburgh ed 058",718,0.682451253481894,0.278551532033426,0.077490775
"greenburgh ed 059",571,0.807355516637478,0.155866900175131,0.011080332
"greenburgh ed 060",562,0.745551601423488,0.195729537366548,0.032876712
"greenburgh ed 061",504,0.746031746031746,0.226190476190476,0.092352092
"greenburgh ed 062",595,0.769747899159664,0.186554621848739,0.042723632
"greenburgh ed 063",752,0.831117021276596,0.13563829787234,0.132352941
"greenburgh ed 064",688,0.880813953488372,0.0973837209302326,0.208582834
"greenburgh ed 065",653,0.597243491577335,0.36906584992343,0.064270153
"greenburgh ed 066",331,0.574018126888218,0.398791540785498,0.067982456
"greenburgh ed 067",664,0.703313253012048,0.265060240963855,0.112938596
"greenburgh ed 068",445,0.674157303370786,0.269662921348315,0.128
"greenburgh ed 069",725,0.757241379310345,0.208275862068966,0.005417118
"greenburgh ed 070",410,0.680487804878049,0.285365853658537,0.073043478
"greenburgh ed 071",445,0.728089887640449,0.233707865168539,0.128571429
"greenburgh ed 072",457,0.671772428884026,0.297592997811816,0.116057234
"greenburgh ed 073",782,0.740409207161125,0.236572890025575,0.016393443
"greenburgh ed 074",574,0.721254355400697,0.24390243902439,0.039660057
"greenburgh ed 075",605,0.629752066115702,0.317355371900826,0.047461369
"greenburgh ed 076",425,0.698823529411765,0.249411764705882,0.043165468
"greenburgh ed 077",624,0.63301282051282,0.328525641025641,0.138826185
"greenburgh ed 078",653,0.880551301684533,0.0934150076569678,0.093952484
"greenburgh ed 079",811,0.738594327990136,0.202219482120838,0.054562559
"greenburgh ed 080",311,0.726688102893891,0.231511254019293,0.091314031
"greenburgh ed 081",508,0.929133858267717,0.047244094488189,0.164158687
"lewisboro ed 001",567,0.589065255731922,0.349206349206349,0.025990099
"lewisboro ed 002",641,0.602184087363494,0.330733229329173,0.007159905
"lewisboro ed 003",535,0.553271028037383,0.394392523364486,0.015706806
"lewisboro ed 004",590,0.686440677966102,0.261016949152542,0.004975124
"lewisboro ed 005",554,0.564981949458484,0.368231046931408,0.023287671
"lewisboro ed 006",601,0.565723793677205,0.377703826955075,0.015550239
"lewisboro ed 007",607,0.640856672158155,0.303130148270181,0.007518797
"lewisboro ed 008",650,0.590769230769231,0.341538461538462,0.021864212
"lewisboro ed 009",692,0.643063583815029,0.286127167630058,0.01718908
"lewisboro ed 010",627,0.57097288676236,0.382775119617225,0.015550239
"lewisboro ed 011",543,0.593001841620626,0.349907918968692,0.002541296
"lewisboro ed 012",589,0.565365025466893,0.388794567062818,0.021223471
"mamaroneck ed 001",443,0.656884875846501,0.291196388261851,0.15177305
"mamaroneck ed 002",529,0.623818525519849,0.330812854442344,0.325484765
"mamaroneck ed 003",800,0.65625,0.295,0.112340426
"mamaroneck ed 004",625,0.6384,0.2992,0.132941176
"mamaroneck ed 005",373,0.525469168900804,0.402144772117962,0.107212476
"mamaroneck ed 006",564,0.716312056737589,0.202127659574468,0.018087855
"mamaroneck ed 007",355,0.715492957746479,0.216901408450704,0.043568465
"mamaroneck ed 008",678,0.750737463126844,0.179941002949853,0.017977528
"mamaroneck ed 009",444,0.763513513513513,0.168918918918919,0.018803419
"mamaroneck ed 010",652,0.75920245398773,0.165644171779141,0.007963595
"mamaroneck ed 011",454,0.656387665198238,0.26431718061674,0.007561437
"mamaroneck ed 012",622,0.762057877813505,0.168810289389068,0.00120919
"mamaroneck ed 013",603,0.804311774461028,0.132669983416252,0.009695291
"mamaroneck ed 014",584,0.688356164383562,0.25513698630137,0.026737968
"mamaroneck ed 015",646,0.670278637770898,0.260061919504644,0.010452962
"mamaroneck ed 016",525,0.68,0.27047619047619,0.0625
"mamaroneck ed 017",566,0.780918727915194,0.173144876325088,0.021621622
"mamaroneck ed 018",472,0.697033898305085,0.245762711864407,0.013953488
"mamaroneck ed 019",597,0.64321608040201,0.289782244556114,0.010723861
"mamaroneck ed 020",545,0.770642201834862,0.185321100917431,0.001485884
"mamaroneck ed 021",493,0.764705882352941,0.178498985801217,0.003174603
"mamaroneck ed 022",450,0.628888888888889,0.313333333333333,0.03814262
"mamaroneck ed 023",676,0.733727810650888,0.220414201183432,0.054545455
"mamaroneck ed 024",507,0.719921104536489,0.230769230769231,0.011594203
"mamaroneck ed 025",189,0.682539682539683,0.259259259259259,0.04290429
"mamaroneck ed 026",641,0.776911076443058,0.174726989079563,0.014563107
"mamaroneck ed 027",397,0.54911838790932,0.418136020151133,0.079766537
"mamaroneck ed 028",289,0.692041522491349,0.235294117647059,0
"mount kisco ed 001",569,0.664323374340949,0.293497363796134,0.262427746
"mount kisco ed 002",777,0.576576576576577,0.369369369369369,0.087037037
"mount kisco ed 003",592,0.584459459459459,0.353040540540541,0.12424608
"mount kisco ed 004",759,0.648221343873518,0.296442687747036,0.1094196
"mount kisco ed 005",516,0.558139534883721,0.393410852713178,0.042613636
"mount kisco ed 006",654,0.744648318042814,0.226299694189602,0.166123779
"mount kisco ed 007",293,0.703071672354949,0.252559726962457,0.065162907
"mount pleasant ed 001",367,0.828337874659401,0.136239782016349,0.570576541
"mount pleasant ed 002",532,0.870300751879699,0.110902255639098,0.613664596
"mount pleasant ed 003",295,0.738983050847458,0.2,0.352173913
"mount pleasant ed 004",304,0.779605263157895,0.167763157894737,0.407488987
"mount pleasant ed 005",317,0.766561514195584,0.205047318611987,0.461711712
"mount pleasant ed 006",560,0.771428571428571,0.176785714285714,0.011494253
"mount pleasant ed 007",710,0.653521126760563,0.311267605633803,0.044624746
"mount pleasant ed 009",482,0.553941908713693,0.394190871369295,0.046583851
"mount pleasant ed 010",338,0.396449704142012,0.553254437869823,0.086956522
"mount pleasant ed 011",501,0.353293413173653,0.610778443113772,0.024242424
"mount pleasant ed 012",528,0.382575757575758,0.558712121212121,0.080901857
"mount pleasant ed 013",732,0.577868852459016,0.366120218579235,0.02373581
"mount pleasant ed 014",805,0.624844720496894,0.303105590062112,0.028237585
"mount pleasant ed 015",767,0.620599739243807,0.333767926988266,0.039354188
"mount pleasant ed 016",802,0.657107231920199,0.301745635910224,0.074074074
"mount pleasant ed 017",439,0.687927107061503,0.275626423690205,0.023508137
"mount pleasant ed 018",712,0.436797752808989,0.495786516853933,0.071888412
"mount pleasant ed 019",652,0.360429447852761,0.595092024539877,0.045758929
"mount pleasant ed 020",658,0.557750759878419,0.390577507598784,0.088050314
"mount pleasant ed 022",524,0.570610687022901,0.360687022900763,0.051209104
"mount pleasant ed 023",68,0.720588235294118,0.205882352941176,0.093495935
"mount pleasant ed 024",473,0.340380549682875,0.613107822410148,0.038863976
"mount pleasant ed 025",599,0.582637729549249,0.37228714524207,0.017925736
"mount pleasant ed 026",455,0.30989010989011,0.646153846153846,0.05451448
"mount pleasant ed 027",386,0.373056994818653,0.575129533678757,0.083809524
"mount pleasant ed 028",478,0.324267782426778,0.619246861924686,0.028787879
"mount pleasant ed 029",351,0.279202279202279,0.680911680911681,0.031602709
"mount pleasant ed 030",763,0.584534731323722,0.363040629095675,0.026137464
"mount pleasant ed 031",399,0.616541353383459,0.31328320802005,0.0256917
"mount pleasant ed 032",805,0.684472049689441,0.249689440993789,0.026086957
"mount pleasant ed 033",551,0.789473684210526,0.165154264972777,0.011331445
"mount pleasant ed 034",339,0.339233038348083,0.607669616519174,0.059080963
"mount pleasant ed 035",432,0.340277777777778,0.594907407407407,0.0795053
"mount pleasant ed 036",303,0.297029702970297,0.663366336633663,0.019900498
"mount pleasant ed 037",304,0.266447368421053,0.661184210526316,0.038167939
"mount pleasant ed 038",498,0.319277108433735,0.622489959839357,0.029411765
"mount pleasant ed 039",389,0.282776349614396,0.658097686375321,0.027253669
"mount pleasant ed 040",408,0.377450980392157,0.575980392156863,0.025951557
"mount pleasant ed 041",590,0.674576271186441,0.266101694915254,0.019836639
"mount pleasant ed 042",329,0.358662613981763,0.559270516717325,0.047916667
"mount pleasant ed 043",450,0.622222222222222,0.311111111111111,0.036912752
"mount pleasant ed 044",361,0.454293628808864,0.518005540166205,0.057199211
"mount vernon ed 001",353,0.943342776203966,0.0424929178470255,0.011023622
"mount vernon ed 002",589,0.943972835314092,0.033955857385399,0.028515241
"mount vernon ed 003",418,0.954545454545455,0.0311004784688995,0.031746032
"mount vernon ed 004",453,0.964679911699779,0.0132450331125828,0.041614124
"mount vernon ed 005",595,0.961344537815126,0.0252100840336134,0.031536114
"mount vernon ed 006",509,0.950884086444008,0.0333988212180747,0.048292108
"mount vernon ed 007",544,0.941176470588235,0.0349264705882353,0.054669704
"mount vernon ed 008",662,0.933534743202417,0.040785498489426,0.028328612
"mount vernon ed 009",642,0.942367601246106,0.0233644859813084,0.038533835
"mount vernon ed 010",484,0.962809917355372,0.0185950413223141,0.007633588
"mount vernon ed 011",494,0.94331983805668,0.0445344129554656,0.050805452
"mount vernon ed 012",531,0.971751412429379,0.0188323917137476,0.027233115
"mount vernon ed 013",357,0.946778711484594,0.0112044817927171,0.057335582
"mount vernon ed 014",392,0.979591836734694,0.0127551020408163,0.053272451
"mount vernon ed 015",518,0.953667953667954,0.028957528957529,0.024471635
"mount vernon ed 016",305,0.963934426229508,0.019672131147541,0.04283054
"mount vernon ed 017",485,0.94020618556701,0.0268041237113402,0.046153846
"mount vernon ed 018",420,0.954761904761905,0.0261904761904762,0.045576408
"mount vernon ed 019",370,0.951351351351351,0.0216216216216216,0.028960818
"mount vernon ed 020",721,0.937586685159501,0.0443828016643551,0.075088339
"mount vernon ed 021",318,0.927672955974843,0.0471698113207547,0.202702703
"mount vernon ed 022",268,0.932835820895522,0.0485074626865672,0.188442211
"mount vernon ed 023",201,0.875621890547264,0.114427860696517,0.240924092
"mount vernon ed 024",531,0.856873822975518,0.129943502824859,0.255497382
"mount vernon ed 025",11,0.727272727272727,0.272727272727273,0.076923077
"mount vernon ed 026",316,0.791139240506329,0.161392405063291,0.24137931
"mount vernon ed 027",453,0.770419426048565,0.200883002207506,0.18699187
"mount vernon ed 028",459,0.843137254901961,0.132897603485839,0.168079096
"mount vernon ed 029",585,0.948717948717949,0.0290598290598291,0.027058824
"mount vernon ed 030",195,0.917948717948718,0.0666666666666667,0.07826087
"mount vernon ed 031",194,0.845360824742268,0.11340206185567,0.070469799
"mount vernon ed 032",594,0.915824915824916,0.0505050505050505,0.054809843
"mount vernon ed 033",460,0.723913043478261,0.239130434782609,0.238095238
"mount vernon ed 034",384,0.677083333333333,0.265625,0.131386861
"mount vernon ed 035",259,0.741312741312741,0.227799227799228,0.015243902
"mount vernon ed 036",300,0.913333333333333,0.0633333333333333,0.081339713
"mount vernon ed 037",285,0.792982456140351,0.178947368421053,0.028037383
"mount vernon ed 038",348,0.729885057471264,0.221264367816092,0.007194245
"mount vernon ed 039",566,0.750883392226148,0.196113074204947,0.073431242
"mount vernon ed 040",375,0.664,0.285333333333333,0.01744186
"mount vernon ed 041",434,0.808755760368664,0.161290322580645,0.058236273
"mount vernon ed 042",555,0.962162162162162,0.0252252252252252,0.014722537
"mount vernon ed 043",650,0.901538461538462,0.0661538461538462,0.111227702
"mount vernon ed 044",58,0.879310344827586,0.0689655172413793,0.032967033
"mount vernon ed 045",550,0.841818181818182,0.127272727272727,0.060130719
"mount vernon ed 046",453,0.737306843267108,0.22075055187638,0.131280389
"mount vernon ed 047",590,0.616949152542373,0.330508474576271,0.013089005
"mount vernon ed 048",615,0.773983739837398,0.198373983739837,0.165156093
"mount vernon ed 049",377,0.713527851458886,0.249336870026525,0.152364273
"mount vernon ed 050",286,0.765734265734266,0.199300699300699,0.173515982
"mount vernon ed 051",138,0.695652173913043,0.260869565217391,0.074766355
"mount vernon ed 052",246,0.971544715447154,0.024390243902439,0.00536193
"mount vernon ed 053",306,0.650326797385621,0.30718954248366,0.090909091
"mount vernon ed 054",215,0.720930232558139,0.251162790697674,0.006779661
"mount vernon ed 055",91,0.901098901098901,0.0879120879120879,0.036231884
"mount vernon ed 056",320,0.915625,0.06875,0.048245614
"mount vernon ed 057",25,0.92,0.08,0.0625
"mount vernon ed 058",29,0.896551724137931,0.0344827586206897,0.069767442
"mount vernon ed 059",17,0.764705882352941,0.235294117647059,0
"mount vernon ed 060",22,0.727272727272727,0.272727272727273,0
"mount vernon ed 061",307,0.853420195439739,0.136807817589577,0.044619423
"mount vernon ed 062",129,0.906976744186046,0.0852713178294574,0.031578947
"mount vernon ed 064",451,0.889135254988914,0.0798226164079823,0.077259475
"mount vernon ed 065",335,0.847761194029851,0.119402985074627,0.104364326
"mount vernon ed 066",41,0.951219512195122,0.0487804878048781,0.178571429
"mount vernon ed 067",203,0.798029556650246,0.172413793103448,0.14084507
"mount vernon ed 068",369,0.959349593495935,0.018970189701897,0.038461538
"mount vernon ed 069",281,0.950177935943061,0.0249110320284698,0.081730769
"mount vernon ed 070",42,0.928571428571429,0.0476190476190476,0.333333333
"mount vernon ed 071",6,1,0,0.25
"mount vernon ed 072",36,0.944444444444444,0.0555555555555556,0.197183099
"mount vernon ed 073",177,0.926553672316384,0.0508474576271186,0.156996587
"mount vernon ed 074",18,0.666666666666667,0.166666666666667,0
"mount vernon ed 076",312,0.942307692307692,0.0352564102564103,0.019569472
"new castle ed 001",682,0.768328445747801,0.186217008797654,0.010538642
"new castle ed 002",628,0.60031847133758,0.356687898089172,0.032727273
"new castle ed 003",616,0.753246753246753,0.189935064935065,0.018541409
"new castle ed 004",522,0.796934865900383,0.160919540229885,0.008888889
"new castle ed 005",613,0.774877650897227,0.179445350734095,0.020382166
"new castle ed 006",699,0.729613733905579,0.217453505007153,0.009009009
"new castle ed 007",588,0.712585034013605,0.236394557823129,0.014869888
"new castle ed 008",591,0.802030456852792,0.140439932318105,0.003831418
"new castle ed 009",504,0.751984126984127,0.202380952380952,0.005925926
"new castle ed 010",709,0.740479548660085,0.205923836389281,0.01722282
"new castle ed 011",682,0.696480938416422,0.252199413489736,0.033369214
"new castle ed 012",486,0.792181069958848,0.156378600823045,0.009433962
"new castle ed 013",677,0.672082717872969,0.268833087149188,0.006718925
"new castle ed 014",682,0.722873900293255,0.224340175953079,0.024636058
"new castle ed 015",657,0.744292237442922,0.205479452054795,0.013173653
"new castle ed 016",634,0.826498422712934,0.123028391167192,0.012062726
"new rochelle ed 001",617,0.525121555915721,0.444084278768233,0.126823793
"new rochelle ed 002",320,0.90625,0.06875,0.254403131
"new rochelle ed 003",547,0.574040219378428,0.383912248628885,0.224435591
"new rochelle ed 004",651,0.463901689708141,0.486943164362519,0.133192389
"new rochelle ed 005",466,0.663090128755365,0.302575107296137,0.328748281
"new rochelle ed 006",482,0.744813278008299,0.232365145228216,0.283018868
"new rochelle ed 007",406,0.576354679802956,0.349753694581281,0.117647059
"new rochelle ed 008",115,0.469565217391304,0.48695652173913,0.054644809
"new rochelle ed 009",670,0.811940298507463,0.156716417910448,0.161008729
"new rochelle ed 010",577,0.844020797227036,0.126516464471404,0.173469388
"new rochelle ed 011",766,0.689295039164491,0.242819843342037,0.049544995
"new rochelle ed 012",95,0.726315789473684,0.210526315789474,0.411392405
"new rochelle ed 013",633,0.655608214849921,0.287519747235387,0.141304348
"new rochelle ed 014",76,0.868421052631579,0.105263157894737,0.201680672
"new rochelle ed 015",478,0.832635983263598,0.129707112970711,0.124076809
"new rochelle ed 016",294,0.649659863945578,0.289115646258503,0.046568627
"new rochelle ed 018",634,0.539432176656151,0.417981072555205,0.160209424
"new rochelle ed 019",875,0.822857142857143,0.130285714285714,0.143567875
"new rochelle ed 021",175,0.977142857142857,0.00571428571428571,0.167286245
"new rochelle ed 022",617,0.478119935170178,0.502431118314425,0.18045977
"new rochelle ed 023",350,0.7,0.285714285714286,0.421245421
"new rochelle ed 024",726,0.648760330578512,0.322314049586777,0.242790698
"new rochelle ed 025",599,0.654424040066778,0.313856427378965,0.248878924
"new rochelle ed 026",574,0.632404181184669,0.315331010452962,0.165079365
"new rochelle ed 027",166,0.716867469879518,0.228915662650602,0.033333333
"new rochelle ed 028",425,0.724705882352941,0.249411764705882,0.165016502
"new rochelle ed 029",822,0.708029197080292,0.260340632603406,0.299679487
"new rochelle ed 030",535,0.65981308411215,0.291588785046729,0.004213483
"new rochelle ed 031",591,0.700507614213198,0.252115059221658,0.029336735
"new rochelle ed 032",478,0.650627615062761,0.315899581589958,0.01497006
"new rochelle ed 033",573,0.706806282722513,0.218150087260035,0.032138443
"new rochelle ed 034",272,0.694852941176471,0.283088235294118,0.10483871
"new rochelle ed 035",597,0.680067001675042,0.252931323283082,0.039170507
"new rochelle ed 036",396,0.601010101010101,0.333333333333333,0.023391813
"new rochelle ed 037",544,0.498161764705882,0.450367647058824,0.057591623
"new rochelle ed 038",653,0.741194486983155,0.209800918836141,0.023542601
"new rochelle ed 039",419,0.599045346062053,0.350835322195704,0.003478261
"new rochelle ed 040",395,0.60253164556962,0.359493670886076,0.007366483
"new rochelle ed 041",605,0.661157024793388,0.277685950413223,0.024420024
"new rochelle ed 042",504,0.670634920634921,0.285714285714286,0.029494382
"new rochelle ed 043",387,0.540051679586563,0.377260981912145,0.018450185
"new rochelle ed 044",795,0.631446540880503,0.324528301886792,0.023764259
"new rochelle ed 045",115,0.495652173913044,0.4,0.028169014
"new rochelle ed 046",456,0.62280701754386,0.324561403508772,0.017886179
"new rochelle ed 047",613,0.593800978792822,0.368678629690049,0.022140221
"new rochelle ed 048",451,0.625277161862528,0.29490022172949,0.075657895
"new rochelle ed 049",421,0.897862232779097,0.0878859857482185,0.244648318
"new rochelle ed 050",243,0.839506172839506,0.123456790123457,0.213776722
"new rochelle ed 051",171,0.777777777777778,0.187134502923977,0.305882353
"new rochelle ed 052",668,0.782934131736527,0.197604790419162,0.447293447
"new rochelle ed 053",299,0.698996655518395,0.264214046822742,0.290465632
"new rochelle ed 054",526,0.842205323193916,0.142585551330798,0.513888889
"new rochelle ed 055",17,0.705882352941177,0.176470588235294,0.303030303
"new rochelle ed 056",109,0.688073394495413,0.293577981651376,0.413580247
"new rochelle ed 057",402,0.895522388059702,0.054726368159204,0.058181818
"new rochelle ed 058",434,0.891705069124424,0.0783410138248848,0.228358209
"new rochelle ed 059",557,0.89048473967684,0.0861759425493716,0.148418491
"new rochelle ed 060",401,0.945137157107232,0.0349127182044888,0.139941691
"new rochelle ed 061",309,0.614886731391586,0.330097087378641,0.119221411
"new rochelle ed 063",428,0.794392523364486,0.154205607476636,0.116903633
"new rochelle ed 064",371,0.908355795148248,0.0727762803234501,0.234782609
"new rochelle ed 065",221,0.660633484162896,0.285067873303167,0.103151862
"new rochelle ed 066",184,0.978260869565217,0.0108695652173913,0.037463977
"new rochelle ed 067",395,0.579746835443038,0.359493670886076,0.031434185
"new rochelle ed 068",257,0.595330739299611,0.369649805447471,0.170168067
"new rochelle ed 069",590,0.53728813559322,0.415254237288136,0.127784291
"new rochelle ed 070",25,0.92,0.08,0.659574468
"new rochelle ed 071",247,0.635627530364372,0.34412955465587,0.12568306
"new rochelle ed 072",179,0.709497206703911,0.229050279329609,0.089285714
"new rochelle ed 073",519,0.468208092485549,0.493256262042389,0.09703504
"new rochelle ed 074",699,0.699570815450644,0.264663805436338,0.412168793
"new rochelle ed 075",58,0.810344827586207,0.137931034482759,0.459770115
"north castle ed 001",542,0.621771217712177,0.309963099630996,0.0249066
"north castle ed 002",647,0.480680061823802,0.465224111282844,0.034792368
"north castle ed 003",526,0.437262357414449,0.509505703422053,0.091970803
"north castle ed 004",726,0.62396694214876,0.337465564738292,0.013579049
"north castle ed 005",543,0.541436464088398,0.41804788213628,0.23337364
"north castle ed 006",814,0.69041769041769,0.253071253071253,0.007079646
"north castle ed 007",436,0.527522935779816,0.392201834862385,0.012307692
"north castle ed 008",812,0.525862068965517,0.417487684729064,0.023360288
"north castle ed 009",623,0.573033707865168,0.37239165329053,0.009750813
"north castle ed 010",549,0.586520947176685,0.357012750455373,0.061500615
"north castle ed 011",462,0.662337662337662,0.296536796536797,0.007800312
"north salem ed 001",334,0.497005988023952,0.449101796407186,0.057268722
"north salem ed 002",418,0.425837320574163,0.516746411483254,0.013468013
"north salem ed 003",224,0.4375,0.495535714285714,0
"north salem ed 004",365,0.405479452054795,0.526027397260274,0.017110266
"north salem ed 005",223,0.600896860986547,0.349775784753363,0.013513514
"north salem ed 006",495,0.571717171717172,0.373737373737374,0.012676056
"north salem ed 007",510,0.505882352941176,0.411764705882353,0.017857143
"north salem ed 008",234,0.517094017094017,0.41025641025641,0.020689655
"ossining ed 001",362,0.698895027624309,0.256906077348066,0.290948276
"ossining ed 002",563,0.772646536412078,0.182948490230906,0.394451146
"ossining ed 003",477,0.844863731656184,0.111111111111111,0.39212828
"ossining ed 004",516,0.651162790697674,0.281007751937984,0.188118812
"ossining ed 005",607,0.894563426688633,0.070840197693575,0.365079365
"ossining ed 006",736,0.735054347826087,0.213315217391304,0.23512476
"ossining ed 007",539,0.738404452690167,0.230055658627087,0.399749373
"ossining ed 008",663,0.754147812971342,0.215686274509804,0.06557377
"ossining ed 009",451,0.658536585365854,0.283813747228381,0.232522796
"ossining ed 010",525,0.706666666666667,0.257142857142857,0.234463277
"ossining ed 011",397,0.579345088161209,0.370277078085642,0.162454874
"ossining ed 012",603,0.583747927031509,0.353233830845771,0.158291457
"ossining ed 013",484,0.646694214876033,0.293388429752066,0.093158661
"ossining ed 014",797,0.557089084065245,0.392722710163112,0.096532334
"ossining ed 015",862,0.616009280742459,0.330626450116009,0.040888889
"ossining ed 016",428,0.658878504672897,0.303738317757009,0.044802867
"ossining ed 017",452,0.617256637168142,0.327433628318584,0.079310345
"ossining ed 018",421,0.598574821852732,0.36104513064133,0.125461255
"ossining ed 019",913,0.687842278203724,0.256297918948521,0.036764706
"ossining ed 020",456,0.609649122807018,0.359649122807018,0.065989848
"ossining ed 021",535,0.62803738317757,0.31588785046729,0.106809079
"ossining ed 022",436,0.692660550458716,0.272935779816514,0.191103789
"ossining ed 023",458,0.709606986899563,0.244541484716157,0.266068759
"ossining ed 024",132,0.75,0.196969696969697,0.038461538
"ossining ed 025",221,0.945701357466063,0.0452488687782805,0.074626866
"ossining ed 026",618,0.63915857605178,0.313915857605178,0.034682081
"ossining ed 027",602,0.704318936877076,0.244186046511628,0.006075334
"ossining ed 028",762,0.658792650918635,0.292650918635171,0.058415842
"ossining ed 029",484,0.690082644628099,0.260330578512397,0.030816641
"ossining ed 030",472,0.713983050847458,0.228813559322034,0.101472995
"peekskill ed 001",343,0.836734693877551,0.12536443148688,0.19343696
"peekskill ed 002",308,0.772727272727273,0.194805194805195,0.273244782
"peekskill ed 003",252,0.801587301587302,0.178571428571429,0.251781473
"peekskill ed 004",422,0.755924170616114,0.210900473933649,0.134375
"peekskill ed 005",426,0.685446009389671,0.279342723004695,0.135566188
"peekskill ed 006",162,0.833333333333333,0.148148148148148,0.203007519
"peekskill ed 007",339,0.640117994100295,0.315634218289086,0.18011257
"peekskill ed 008",402,0.778606965174129,0.171641791044776,0.206722689
"peekskill ed 009",388,0.680412371134021,0.268041237113402,0.15647482
"peekskill ed 010",633,0.625592417061611,0.325434439178515,0.128648649
"peekskill ed 011",549,0.681238615664845,0.265938069216758,0.161097852
"peekskill ed 013",583,0.629502572898799,0.313893653516295,0.183796856
"peekskill ed 014",207,0.57487922705314,0.381642512077295,0.214285714
"peekskill ed 015",321,0.697819314641745,0.258566978193146,0.130859375
"peekskill ed 016",482,0.599585062240664,0.367219917012448,0.084695394
"peekskill ed 017",406,0.807881773399015,0.165024630541872,0.183673469
"peekskill ed 018",162,0.648148148148148,0.314814814814815,0.094594595
"peekskill ed 019",607,0.609555189456343,0.339373970345964,0.05997552
"peekskill ed 020",176,0.556818181818182,0.380681818181818,0.178137652
"peekskill ed 021",456,0.739035087719298,0.230263157894737,0.220143885
"peekskill ed 022",433,0.632794457274827,0.316397228637413,0.070567986
"peekskill ed 023",409,0.672371638141809,0.278728606356968,0.126064736
"pelham ed 001",919,0.519042437431991,0.43525571273123,0.102825746
"pelham ed 002",384,0.734375,0.234375,0.194207836
"pelham ed 003",720,0.647222222222222,0.311111111111111,0.157593123
"pelham ed 004",743,0.732166890982503,0.211305518169583,0.043737575
"pelham ed 005",624,0.727564102564103,0.209935897435897,0.046954315
"pelham ed 006",804,0.529850746268657,0.412935323383085,0.027179007
"pelham ed 007",650,0.629230769230769,0.295384615384615,0.0260181
"pelham ed 008",452,0.68141592920354,0.243362831858407,0.005136986
"pelham ed 009",729,0.563786008230453,0.37037037037037,0.032160804
"pelham ed 010",457,0.525164113785558,0.420131291028446,0.027729636
"pound ridge ed 001",873,0.593356242840779,0.336769759450172,0.020373514
"pound ridge ed 002",864,0.65625,0.293981481481481,0.012367491
"pound ridge ed 003",628,0.640127388535032,0.307324840764331,0.012643678
"pound ridge ed 004",701,0.616262482168331,0.302425106990014,0.011293634
"rye ed 001",561,0.631016042780749,0.324420677361854,0.020470829
"rye ed 001",723,0.654218533886584,0.278008298755187,0.020470829
"rye ed 002",709,0.592383638928068,0.369534555712271,0.020576132
"rye ed 002",549,0.664845173041894,0.273224043715847,0.020576132
"rye ed 003",473,0.602536997885835,0.312896405919662,0.063888889
"rye ed 003",634,0.706624605678233,0.225552050473186,0.063888889
"rye ed 004",559,0.51520572450805,0.415026833631485,0.073417722
"rye ed 004",540,0.581481481481481,0.346296296296296,0.073417722
"rye ed 005",425,0.712941176470588,0.256470588235294,0
"rye ed 005",461,0.540130151843818,0.342733188720174,0
"rye ed 006",421,0.840855106888361,0.133016627078385,0.001381215
"rye ed 006",533,0.632270168855535,0.302063789868668,0.001381215
"rye ed 007",183,0.841530054644809,0.120218579234973,0.012861736
"rye ed 007",671,0.564828614008942,0.336810730253353,0.012861736
"rye ed 008",735,0.642176870748299,0.253061224489796,0.023469388
"rye ed 008",299,0.872909698996655,0.096989966555184,0.023469388
"rye ed 009",517,0.731141199226306,0.2321083172147,0.016901408
"rye ed 009",800,0.61,0.29375,0.016901408
"rye ed 010",466,0.658798283261803,0.311158798283262,0.007792208
"rye ed 010",560,0.580357142857143,0.328571428571429,0.007792208
"rye ed 011",568,0.653169014084507,0.302816901408451,0.015483871
"rye ed 011",567,0.620811287477954,0.294532627865961,0.015483871
"rye ed 012",450,0.58,0.335555555555556,0.023890785
"rye ed 012",595,0.58655462184874,0.368067226890756,0.023890785
"rye ed 013",581,0.628227194492255,0.287435456110155,0.00260078
"rye ed 013",690,0.650724637681159,0.314492753623188,0.00260078
"rye ed 014",503,0.671968190854871,0.296222664015905,0.097591888
"rye ed 014",532,0.588345864661654,0.340225563909774,0.097591888
"scarsdale ed 001",593,0.807757166947723,0.136593591905565,0.007575758
"scarsdale ed 002",673,0.818722139673105,0.141158989598811,0.012318029
"scarsdale ed 003",508,0.740157480314961,0.183070866141732,0.00295858
"scarsdale ed 004",377,0.769230769230769,0.177718832891247,0
"scarsdale ed 005",435,0.786206896551724,0.144827586206897,0.010291595
"scarsdale ed 006",462,0.748917748917749,0.207792207792208,0.022364217
"scarsdale ed 007",450,0.737777777777778,0.215555555555556,0.028911565
"scarsdale ed 008",461,0.559652928416486,0.362255965292842,0.024671053
"scarsdale ed 009",494,0.684210526315789,0.257085020242915,0.017107309
"scarsdale ed 010",558,0.700716845878136,0.227598566308244,0.016064257
"scarsdale ed 011",369,0.720867208672087,0.192411924119241,0.016100179
"scarsdale ed 012",564,0.773049645390071,0.177304964539007,0.008951407
"scarsdale ed 013",668,0.772455089820359,0.17814371257485,0.013978495
"scarsdale ed 014",648,0.805555555555556,0.146604938271605,0.025912839
"scarsdale ed 015",364,0.695054945054945,0.258241758241758,0.009191176
"scarsdale ed 016",505,0.722772277227723,0.237623762376238,0.020604396
"scarsdale ed 017",297,0.740740740740741,0.168350168350168,0.017156863
"scarsdale ed 018",696,0.751436781609195,0.191091954022989,0.023329799
"scarsdale ed 019",135,0.82962962962963,0.155555555555556,0.048913043
"somers ed 001",571,0.416812609457093,0.532399299474606,0.010335917
"somers ed 002",776,0.494845360824742,0.46520618556701,0.006616257
"somers ed 003",616,0.423701298701299,0.511363636363636,0.004711425
"somers ed 004",784,0.448979591836735,0.489795918367347,0.03066271
"somers ed 005",806,0.399503722084367,0.564516129032258,0.022051774
"somers ed 006",503,0.47713717693837,0.475149105367793,0.033189033
"somers ed 007",661,0.413010590015129,0.544629349470499,0.010380623
"somers ed 008",748,0.401069518716578,0.550802139037433,0.015060241
"somers ed 009",672,0.498511904761905,0.458333333333333,0.022753129
"somers ed 010",648,0.489197530864198,0.46141975308642,0.039125432
"somers ed 011",592,0.442567567567568,0.505067567567568,0.012406948
"somers ed 012",624,0.387820512820513,0.564102564102564,0.049160671
"somers ed 013",640,0.421875,0.50625,0.011890606
"somers ed 014",792,0.453282828282828,0.507575757575758,0.012935323
"somers ed 015",779,0.48780487804878,0.473684210526316,0.014
"somers ed 016",414,0.439613526570048,0.485507246376812,0.018181818
"somers ed 017",720,0.468055555555556,0.493055555555556,0.039029536
"somers ed 018",496,0.576612903225806,0.395161290322581,0.006329114
"white plains ed 001",783,0.616858237547893,0.33205619412516,0.047214353
"white plains ed 002",931,0.562835660580021,0.373791621911923,0.034241245
"white plains ed 003",344,0.601744186046512,0.313953488372093,0.076923077
"white plains ed 004",610,0.634426229508197,0.318032786885246,0.016229713
"white plains ed 005",639,0.657276995305164,0.286384976525822,0.015815085
"white plains ed 006",512,0.6015625,0.3359375,0.042424242
"white plains ed 007",403,0.669975186104218,0.258064516129032,0.011695906
"white plains ed 008",253,0.671936758893281,0.284584980237154,0.063186813
"white plains ed 009",445,0.606741573033708,0.328089887640449,0.02
"white plains ed 010",813,0.616236162361624,0.324723247232472,0.038246269
"white plains ed 011",522,0.574712643678161,0.388888888888889,0.087988827
"white plains ed 012",631,0.711568938193344,0.221870047543582,0.031446541
"white plains ed 013",610,0.616393442622951,0.339344262295082,0.013613861
"white plains ed 014",553,0.602169981916817,0.330922242314647,0.04526749
"white plains ed 015",624,0.59775641025641,0.362179487179487,0.036817102
"white plains ed 016",674,0.712166172106825,0.235905044510386,0.103883495
"white plains ed 017",350,0.828571428571429,0.145714285714286,0.31616341
"white plains ed 018",667,0.736131934032983,0.224887556221889,0.219106957
"white plains ed 019",884,0.821266968325792,0.139140271493213,0.204599524
"white plains ed 020",854,0.725995316159251,0.237704918032787,0.291946309
"white plains ed 021",504,0.771825396825397,0.192460317460317,0.210674157
"white plains ed 022",297,0.626262626262626,0.30976430976431,0.337320574
"white plains ed 023",492,0.76219512195122,0.199186991869919,0.241791045
"white plains ed 024",840,0.730952380952381,0.229761904761905,0.167064439
"white plains ed 025",656,0.719512195121951,0.248475609756098,0.124248497
"white plains ed 026",378,0.735449735449735,0.227513227513228,0.101145038
"white plains ed 027",719,0.577190542420028,0.360222531293463,0.16563147
"white plains ed 028",457,0.724288840262582,0.236323851203501,0.188034188
"white plains ed 029",628,0.632165605095541,0.31687898089172,0.163636364
"white plains ed 030",814,0.699017199017199,0.255528255528256,0.118560916
"white plains ed 031",242,0.896694214876033,0.0785123966942149,0.360433604
"white plains ed 032",537,0.80074487895717,0.171322160148976,0.314720812
"white plains ed 033",568,0.785211267605634,0.188380281690141,0.301796407
"white plains ed 034",584,0.700342465753425,0.25,0.269417476
"white plains ed 035",262,0.805343511450382,0.156488549618321,0.362282878
"white plains ed 036",580,0.763793103448276,0.198275862068966,0.18816568
"white plains ed 037",359,0.757660167130919,0.20891364902507,0.221824687
"white plains ed 038",654,0.909785932721712,0.0642201834862385,0.265786993
"white plains ed 039",689,0.686502177068215,0.265602322206096,0.192307692
"white plains ed 040",502,0.872509960159363,0.101593625498008,0.391946309
"white plains ed 041",648,0.804012345679012,0.157407407407407,0.247778875
"white plains ed 042",885,0.68361581920904,0.242937853107345,0.104046243
"white plains ed 043",415,0.8,0.159036144578313,0.296596434
"white plains ed 044",28,0.892857142857143,0.107142857142857,0.08988764
"white plains ed 045",60,0.7,0.266666666666667,0.234693878
"white plains ed 046",131,0.83206106870229,0.129770992366412,0.541463415
"yonkers wd 001 ed 001",467,0.84796573875803,0.117773019271949,0.183537264
"yonkers wd 001 ed 002",264,0.901515151515151,0.0643939393939394,0.524
"yonkers wd 001 ed 003",93,0.817204301075269,0.161290322580645,0.639240506
"yonkers wd 001 ed 004",81,0.925925925925926,0.0493827160493827,0.64
"yonkers wd 001 ed 005",567,0.929453262786596,0.0529100529100529,0.344243792
"yonkers wd 001 ed 006",290,0.879310344827586,0.1,0.423300971
"yonkers wd 001 ed 007",434,0.935483870967742,0.0345622119815668,0.231242312
"yonkers wd 001 ed 008",474,0.955696202531646,0.0274261603375527,0.268382353
"yonkers wd 001 ed 009",277,0.96028880866426,0.0252707581227437,0.539805825
"yonkers wd 001 ed 010",393,0.888040712468193,0.0916030534351145,0.4628331
"yonkers wd 001 ed 011",598,0.956521739130435,0.0301003344481605,0.348484848
"yonkers wd 001 ed 012",329,0.872340425531915,0.0729483282674772,0.274822695
"yonkers wd 001 ed 018",461,0.835140997830803,0.125813449023861,0.507208388
"yonkers wd 001 ed 022",154,0.772727272727273,0.162337662337662,0.300813008
"yonkers wd 001 ed 026",221,0.927601809954751,0.0588235294117647,0.673076923
"yonkers wd 002 ed 001",339,0.542772861356932,0.427728613569322,0.230769231
"yonkers wd 002 ed 002",479,0.496868475991649,0.467640918580376,0.186968839
"yonkers wd 002 ed 003",608,0.526315789473684,0.445723684210526,0.232727273
"yonkers wd 002 ed 004",350,0.434285714285714,0.528571428571429,0.135714286
"yonkers wd 002 ed 005",429,0.389277389277389,0.58041958041958,0.193602694
"yonkers wd 002 ed 006",308,0.574675324675325,0.38961038961039,0.322440087
"yonkers wd 002 ed 007",292,0.602739726027397,0.356164383561644,0.272058824
"yonkers wd 002 ed 008",107,0.607476635514019,0.355140186915888,0.31875
"yonkers wd 002 ed 009",562,0.556939501779359,0.402135231316726,0.211068211
"yonkers wd 002 ed 010",245,0.542857142857143,0.4,0.188630491
"yonkers wd 002 ed 011",459,0.601307189542484,0.34640522875817,0.168289291
"yonkers wd 002 ed 012",580,0.436206896551724,0.517241379310345,0.160864346
"yonkers wd 002 ed 013",165,0.684848484848485,0.278787878787879,0.176470588
"yonkers wd 002 ed 014",171,0.491228070175439,0.450292397660819,0.219730942
"yonkers wd 002 ed 016",251,0.406374501992032,0.561752988047809,0.125364431
"yonkers wd 002 ed 018",157,0.751592356687898,0.21656050955414,0.31981982
"yonkers wd 002 ed 020",224,0.700892857142857,0.263392857142857,0.38253012
"yonkers wd 002 ed 024",305,0.475409836065574,0.491803278688525,0.214285714
"yonkers wd 002 ed 026",190,0.715789473684211,0.247368421052632,0.373188406
"yonkers wd 003 ed 001",94,0.723404255319149,0.24468085106383,0.178082192
"yonkers wd 003 ed 002",160,0.58125,0.3875,0.380733945
"yonkers wd 003 ed 003",307,0.788273615635179,0.195439739413681,0.18907563
"yonkers wd 003 ed 004",189,0.486772486772487,0.465608465608466,0.187022901
"yonkers wd 003 ed 005",27,0.518518518518518,0.481481481481481,0.260869565
"yonkers wd 003 ed 006",269,0.490706319702602,0.45724907063197,0.215846995
"yonkers wd 003 ed 007",665,0.947368421052632,0.0315789473684211,0.164011246
"yonkers wd 003 ed 008",261,0.911877394636015,0.0651340996168582,0.281030445
"yonkers wd 003 ed 010",537,0.543761638733706,0.420856610800745,0.199197861
"yonkers wd 003 ed 011",268,0.75,0.220149253731343,0.188976378
"yonkers wd 003 ed 012",617,0.854132901134522,0.111831442463533,0.258314856
"yonkers wd 003 ed 013",188,0.845744680851064,0.117021276595745,0.283737024
"yonkers wd 003 ed 015",376,0.742021276595745,0.218085106382979,0.101190476
"yonkers wd 003 ed 016",422,0.853080568720379,0.12085308056872,0.275919732
"yonkers wd 003 ed 017",259,0.791505791505791,0.204633204633205,0.345
"yonkers wd 003 ed 019",177,0.570621468926554,0.401129943502825,0.078817734
"yonkers wd 003 ed 020",214,0.453271028037383,0.509345794392523,0.239747634
"yonkers wd 003 ed 021",216,0.462962962962963,0.5,0.171102662
"yonkers wd 003 ed 023",98,0.785714285714286,0.173469387755102,0.246987952
"yonkers wd 003 ed 024",122,0.762295081967213,0.19672131147541,0.304123711
"yonkers wd 003 ed 025",466,0.527896995708155,0.431330472103004,0.16286645
"yonkers wd 003 ed 026",146,0.794520547945205,0.171232876712329,0.12565445
"yonkers wd 003 ed 027",25,0.84,0.04,0.138888889
"yonkers wd 003 ed 028",464,0.881465517241379,0.0775862068965517,0.283211679
"yonkers wd 003 ed 029",24,0.458333333333333,0.541666666666667,0.022727273
"yonkers wd 004 ed 001",544,0.854779411764706,0.110294117647059,0.326621924
"yonkers wd 004 ed 002",356,0.808988764044944,0.162921348314607,0.440433213
"yonkers wd 004 ed 003",579,0.727115716753022,0.236614853195164,0.365853659
"yonkers wd 004 ed 004",215,0.86046511627907,0.12093023255814,0.778409091
"yonkers wd 004 ed 005",345,0.805797101449275,0.16231884057971,0.287526427
"yonkers wd 004 ed 006",555,0.893693693693694,0.0846846846846847,0.654508612
"yonkers wd 004 ed 007",389,0.861182519280206,0.113110539845758,0.424817518
"yonkers wd 004 ed 008",640,0.8515625,0.1109375,0.645248869
"yonkers wd 004 ed 009",247,0.842105263157895,0.133603238866397,0.6925
"yonkers wd 004 ed 010",208,0.6875,0.254807692307692,0.395209581
"yonkers wd 004 ed 011",240,0.783333333333333,0.179166666666667,0.463157895
"yonkers wd 004 ed 012",86,0.779069767441861,0.162790697674419,0.475409836
"yonkers wd 004 ed 015",381,0.868766404199475,0.110236220472441,0.579737336
"yonkers wd 004 ed 016",141,0.74468085106383,0.198581560283688,0.537313433
"yonkers wd 004 ed 017",214,0.869158878504673,0.102803738317757,0.661016949
"yonkers wd 004 ed 018",197,0.771573604060914,0.203045685279188,0.635782748
"yonkers wd 004 ed 019",235,0.88936170212766,0.0893617021276596,0.589928058
"yonkers wd 004 ed 021",62,0.790322580645161,0.145161290322581,0.281818182
"yonkers wd 005 ed 001",310,0.441935483870968,0.506451612903226,0.043589744
"yonkers wd 005 ed 002",129,0.511627906976744,0.465116279069767,0.163265306
"yonkers wd 005 ed 003",266,0.398496240601504,0.578947368421053,0.135734072
"yonkers wd 005 ed 004",373,0.399463806970509,0.571045576407507,0.024904215
"yonkers wd 005 ed 005",280,0.310714285714286,0.621428571428571,0.02955665
"yonkers wd 005 ed 006",369,0.371273712737127,0.579945799457995,0.02244898
"yonkers wd 005 ed 007",312,0.55448717948718,0.413461538461538,0.191441441
"yonkers wd 005 ed 008",469,0.541577825159915,0.411513859275053,0.197222222
"yonkers wd 005 ed 009",320,0.7375,0.225,0.225621415
"yonkers wd 005 ed 010",238,0.546218487394958,0.436974789915966,0.179661017
"yonkers wd 005 ed 011",153,0.522875816993464,0.450980392156863,0.095890411
"yonkers wd 005 ed 012",358,0.354748603351955,0.569832402234637,0.034188034
"yonkers wd 005 ed 013",206,0.810679611650485,0.16504854368932,0.238372093
"yonkers wd 005 ed 014",295,0.413559322033898,0.515254237288136,0.053435115
"yonkers wd 005 ed 015",378,0.743386243386243,0.240740740740741,0.204697987
"yonkers wd 005 ed 016",284,0.514084507042254,0.450704225352113,0.071960298
"yonkers wd 005 ed 017",408,0.465686274509804,0.519607843137255,0.123046875
"yonkers wd 005 ed 018",455,0.617582417582418,0.345054945054945,0.162327718
"yonkers wd 005 ed 019",153,0.379084967320261,0.529411764705882,0.028846154
"yonkers wd 005 ed 020",441,0.396825396825397,0.560090702947846,0.165853659
"yonkers wd 005 ed 022",231,0.532467532467532,0.415584415584416,0.078369906
"yonkers wd 005 ed 023",154,0.279220779220779,0.701298701298701,0.056521739
"yonkers wd 005 ed 024",233,0.502145922746781,0.454935622317597,0.018691589
"yonkers wd 006 ed 001",286,0.888111888111888,0.0804195804195804,0.444444444
"yonkers wd 006 ed 002",98,0.836734693877551,0.163265306122449,0.365979381
"yonkers wd 006 ed 003",219,0.794520547945205,0.17351598173516,0.46
"yonkers wd 006 ed 004",148,0.722972972972973,0.216216216216216,0.478599222
"yonkers wd 006 ed 006",509,0.652259332023576,0.308447937131631,0.389411765
"yonkers wd 006 ed 007",483,0.46583850931677,0.498964803312629,0.211678832
"yonkers wd 006 ed 008",91,0.681318681318681,0.21978021978022,0.392592593
"yonkers wd 006 ed 010",575,0.518260869565217,0.453913043478261,0.261877173
"yonkers wd 006 ed 011",226,0.438053097345133,0.5,0.197231834
"yonkers wd 006 ed 012",303,0.570957095709571,0.396039603960396,0.338902148
"yonkers wd 006 ed 013",106,0.811320754716981,0.188679245283019,0.316384181
"yonkers wd 006 ed 014",219,0.515981735159817,0.438356164383562,0.264705882
"yonkers wd 006 ed 016",242,0.512396694214876,0.43801652892562,0.335897436
"yonkers wd 006 ed 017",96,0.708333333333333,0.28125,0.284671533
"yonkers wd 006 ed 018",530,0.533962264150943,0.422641509433962,0.213802436
"yonkers wd 006 ed 020",130,0.776923076923077,0.184615384615385,0.368181818
"yonkers wd 006 ed 021",83,0.867469879518072,0.120481927710843,0.389830508
"yonkers wd 006 ed 022",162,0.845679012345679,0.135802469135802,0.357827476
"yonkers wd 006 ed 024",251,0.537848605577689,0.446215139442231,0.219219219
"yonkers wd 006 ed 028",182,0.895604395604396,0.0769230769230769,0.566037736
"yonkers wd 006 ed 032",89,0.651685393258427,0.303370786516854,0.333333333
"yonkers wd 006 ed 033",162,0.734567901234568,0.228395061728395,0.456603774
"yonkers wd 007 ed 001",104,0.567307692307692,0.394230769230769,0.095959596
"yonkers wd 007 ed 002",210,0.814285714285714,0.157142857142857,0.512820513
"yonkers wd 007 ed 003",331,0.903323262839879,0.0604229607250755,0.219469027
"yonkers wd 007 ed 004",517,0.524177949709865,0.435203094777563,0.240866035
"yonkers wd 007 ed 005",157,0.917197452229299,0.0700636942675159,0.493540052
"yonkers wd 007 ed 006",166,0.77710843373494,0.174698795180723,0.470422535
"yonkers wd 007 ed 007",147,0.918367346938776,0.0748299319727891,0.477508651
"yonkers wd 007 ed 008",260,0.803846153846154,0.138461538461538,0.43153527
"yonkers wd 007 ed 009",485,0.872164948453608,0.103092783505155,0.417783191
"yonkers wd 007 ed 011",61,0.918032786885246,0.0655737704918033,0.401408451
"yonkers wd 007 ed 013",306,0.666666666666667,0.30718954248366,0.256292906
"yonkers wd 007 ed 014",322,0.518633540372671,0.453416149068323,0.252314815
"yonkers wd 007 ed 015",267,0.625468164794007,0.348314606741573,0.380577428
"yonkers wd 007 ed 016",84,0.607142857142857,0.345238095238095,0.429577465
"yonkers wd 007 ed 017",169,0.887573964497041,0.112426035502959,0.291845494
"yonkers wd 007 ed 019",167,0.682634730538922,0.293413173652695,0.357758621
"yonkers wd 007 ed 020",212,0.523584905660377,0.424528301886792,0.264516129
"yonkers wd 007 ed 021",107,0.654205607476635,0.327102803738318,0.453488372
"yonkers wd 007 ed 023",123,0.926829268292683,0.0650406504065041,0.490654206
"yonkers wd 007 ed 025",215,0.823255813953488,0.144186046511628,0.392405063
"yonkers wd 007 ed 026",238,0.718487394957983,0.243697478991597,0.389175258
"yonkers wd 007 ed 029",87,0.781609195402299,0.149425287356322,0.25625
"yonkers wd 007 ed 030",131,0.618320610687023,0.351145038167939,0.344497608
"yonkers wd 007 ed 031",92,0.521739130434783,0.434782608695652,0.276315789
"yonkers wd 008 ed 001",215,0.748837209302326,0.223255813953488,0.459016393
"yonkers wd 008 ed 002",349,0.871060171919771,0.103151862464183,0.536585366
"yonkers wd 008 ed 003",332,0.882530120481928,0.0903614457831325,0.520710059
"yonkers wd 008 ed 005",309,0.660194174757282,0.294498381877023,0.26
"yonkers wd 008 ed 006",450,0.864444444444444,0.12,0.515489467
"yonkers wd 008 ed 007",321,0.775700934579439,0.180685358255452,0.616161616
"yonkers wd 008 ed 009",372,0.793010752688172,0.193548387096774,0.539906103
"yonkers wd 008 ed 010",154,0.961038961038961,0.038961038961039,0.716535433
"yonkers wd 008 ed 011",89,0.808988764044944,0.179775280898876,0.656804734
"yonkers wd 008 ed 012",322,0.826086956521739,0.158385093167702,0.565587734
"yonkers wd 008 ed 013",176,0.636363636363636,0.3125,0.405511811
"yonkers wd 008 ed 014",90,0.9,0.0444444444444444,0.617834395
"yonkers wd 008 ed 015",241,0.871369294605809,0.0954356846473029,0.446389497
"yonkers wd 008 ed 017",131,0.740458015267176,0.213740458015267,0.49009901
"yonkers wd 008 ed 022",60,0.9,0.1,0.4765625
"yonkers wd 008 ed 023",122,0.819672131147541,0.155737704918033,0.6
"yonkers wd 008 ed 024",123,0.902439024390244,0.0731707317073171,0.591133005
"yonkers wd 008 ed 026",98,0.551020408163265,0.428571428571429,0.242038217
"yonkers wd 008 ed 028",131,0.931297709923664,0.0534351145038168,0.595121951
"yonkers wd 009 ed 001",539,0.575139146567718,0.385899814471243,0.194029851
"yonkers wd 009 ed 002",245,0.653061224489796,0.297959183673469,0.212464589
"yonkers wd 009 ed 003",327,0.529051987767584,0.440366972477064,0.143968872
"yonkers wd 009 ed 004",255,0.43921568627451,0.501960784313725,0.087765957
"yonkers wd 009 ed 005",280,0.492857142857143,0.457142857142857,0.087179487
"yonkers wd 009 ed 006",115,0.443478260869565,0.495652173913044,0.157534247
"yonkers wd 009 ed 007",612,0.648692810457516,0.315359477124183,0.270491803
"yonkers wd 009 ed 008",272,0.551470588235294,0.400735294117647,0.195488722
"yonkers wd 009 ed 009",571,0.577933450087566,0.387040280210158,0.272941176
"yonkers wd 009 ed 010",501,0.399201596806387,0.574850299401198,0.109756098
"yonkers wd 009 ed 011",408,0.468137254901961,0.487745098039216,0.13190184
"yonkers wd 009 ed 012",248,0.491935483870968,0.451612903225806,0.167664671
"yonkers wd 009 ed 013",204,0.691176470588235,0.279411764705882,0.246323529
"yonkers wd 009 ed 015",505,0.433663366336634,0.524752475247525,0.150782361
"yonkers wd 009 ed 016",270,0.451851851851852,0.488888888888889,0.128735632
"yonkers wd 009 ed 017",163,0.687116564417178,0.282208588957055,0.301526718
"yonkers wd 010 ed 001",271,0.653136531365314,0.33210332103321,0.239193084
"yonkers wd 010 ed 002",308,0.548701298701299,0.399350649350649,0.209109731
"yonkers wd 010 ed 003",405,0.501234567901235,0.466666666666667,0.193605684
"yonkers wd 010 ed 004",302,0.413907284768212,0.559602649006622,0.116788321
"yonkers wd 010 ed 005",254,0.389763779527559,0.55511811023622,0.141176471
"yonkers wd 010 ed 006",619,0.894991922455573,0.074313408723748,0.193684211
"yonkers wd 010 ed 007",655,0.461068702290076,0.49618320610687,0.168171558
"yonkers wd 010 ed 008",354,0.412429378531073,0.556497175141243,0.118
"yonkers wd 010 ed 009",571,0.476357267950963,0.495621716287215,0.213191991
"yonkers wd 010 ed 011",644,0.52639751552795,0.433229813664596,0.175946548
"yonkers wd 010 ed 012",449,0.66369710467706,0.269487750556793,0.31270903
"yonkers wd 010 ed 013",212,0.589622641509434,0.367924528301887,0.22295082
"yonkers wd 010 ed 014",617,0.366288492706645,0.59805510534846,0.146990741
"yonkers wd 010 ed 015",291,0.745704467353952,0.223367697594502,0.303178484
"yonkers wd 010 ed 016",547,0.416819012797075,0.548446069469835,0.158730159
"yonkers wd 010 ed 017",20,0.45,0.45,0.166666667
"yonkers wd 010 ed 018",44,0.590909090909091,0.363636363636364,0.253731343
"yonkers wd 010 ed 020",354,0.497175141242938,0.471751412429379,0.070663812
"yonkers wd 010 ed 021",101,0.415841584158416,0.554455445544555,0.138686131
"yonkers wd 010 ed 025",499,0.565130260521042,0.386773547094188,0.255936675
"yonkers wd 011 ed 001",524,0.511450381679389,0.438931297709924,0.080645161
"yonkers wd 011 ed 002",469,0.520255863539446,0.452025586353945,0.164869029
"yonkers wd 011 ed 003",478,0.422594142259414,0.539748953974895,0.094512195
"yonkers wd 011 ed 004",477,0.574423480083857,0.375262054507338,0.075829384
"yonkers wd 011 ed 005",624,0.532051282051282,0.419871794871795,0.152927121
"yonkers wd 011 ed 006",165,0.460606060606061,0.503030303030303,0.097457627
"yonkers wd 011 ed 007",408,0.475490196078431,0.446078431372549,0.074427481
"yonkers wd 011 ed 008",339,0.501474926253687,0.457227138643068,0.169014085
"yonkers wd 011 ed 009",320,0.490625,0.475,0.193965517
"yonkers wd 011 ed 010",449,0.541202672605791,0.400890868596882,0.083760684
"yonkers wd 011 ed 011",396,0.53030303030303,0.406565656565657,0.087954111
"yonkers wd 011 ed 012",487,0.634496919917864,0.303901437371663,0.063962559
"yonkers wd 011 ed 013",136,0.625,0.301470588235294,0.135294118
"yonkers wd 011 ed 014",420,0.642857142857143,0.323809523809524,0.216637782
"yonkers wd 011 ed 016",219,0.675799086757991,0.292237442922374,0.055350554
"yonkers wd 011 ed 017",515,0.444660194174757,0.516504854368932,0.122332859
"yonkers wd 011 ed 018",235,0.48936170212766,0.459574468085106,0.022222222
"yonkers wd 011 ed 019",281,0.487544483985765,0.469750889679715,0.178378378
"yonkers wd 011 ed 020",191,0.602094240837696,0.356020942408377,0.251798561
"yonkers wd 011 ed 021",331,0.791540785498489,0.163141993957704,0.071304348
"yonkers wd 012 ed 001",383,0.655352480417755,0.323759791122715,0.277876106
"yonkers wd 012 ed 002",231,0.606060606060606,0.333333333333333,0.125
"yonkers wd 012 ed 003",290,0.496551724137931,0.472413793103448,0.210280374
"yonkers wd 012 ed 004",392,0.665816326530612,0.288265306122449,0.228624535
"yonkers wd 012 ed 005",241,0.481327800829876,0.493775933609959,0.195530726
"yonkers wd 012 ed 006",666,0.648648648648649,0.312312312312312,0.188781014
"yonkers wd 012 ed 007",467,0.665952890792291,0.289079229122056,0.272161742
"yonkers wd 012 ed 008",566,0.498233215547703,0.469964664310954,0.208955224
"yonkers wd 012 ed 009",282,0.560283687943262,0.386524822695035,0.138107417
"yonkers wd 012 ed 010",282,0.606382978723404,0.354609929078014,0.314285714
"yonkers wd 012 ed 011",201,0.597014925373134,0.36318407960199,0.187702265
"yonkers wd 012 ed 012",214,0.364485981308411,0.61214953271028,0.18694362
"yonkers wd 012 ed 013",667,0.628185907046477,0.338830584707646,0.151848152
"yonkers wd 012 ed 015",73,0.356164383561644,0.575342465753425,0.122641509
"yonkers wd 012 ed 016",421,0.522565320665083,0.427553444180523,0.228878648
"yonkers wd 012 ed 017",105,0.542857142857143,0.428571428571429,0.207792208
"yonkers wd 012 ed 018",397,0.71536523929471,0.231738035264484,0.315508021
"yonkers wd 012 ed 019",190,0.615789473684211,0.347368421052632,0.181818182
"yorktown ed 001",591,0.423011844331641,0.519458544839255,0.133418043
"yorktown ed 002",434,0.506912442396313,0.440092165898617,0.027538726
"yorktown ed 003",545,0.594495412844037,0.339449541284404,0.030075188
"yorktown ed 004",595,0.411764705882353,0.541176470588235,0.067551267
"yorktown ed 005",551,0.437386569872958,0.520871143375681,0.055240793
"yorktown ed 006",457,0.525164113785558,0.409190371991247,0.060653188
"yorktown ed 007",480,0.485416666666667,0.466666666666667,0.055374593
"yorktown ed 008",435,0.496551724137931,0.44367816091954,0.063793103
"yorktown ed 009",537,0.463687150837989,0.495344506517691,0.103351955
"yorktown ed 010",381,0.461942257217848,0.511811023622047,0.111788618
"yorktown ed 011",588,0.438775510204082,0.513605442176871,0.047314578
"yorktown ed 012",285,0.435087719298246,0.515789473684211,0.051470588
"yorktown ed 013",498,0.487951807228916,0.44578313253012,0.102526003
"yorktown ed 014",465,0.380645161290323,0.563440860215054,0.0765625
"yorktown ed 015",448,0.491071428571429,0.435267857142857,0.061417323
"yorktown ed 016",354,0.463276836158192,0.494350282485876,0.107438017
"yorktown ed 017",527,0.516129032258065,0.438330170777989,0.026509573
"yorktown ed 018",502,0.49601593625498,0.456175298804781,0.041666667
"yorktown ed 019",747,0.388219544846051,0.543507362784471,0.048304214
"yorktown ed 020",721,0.464632454923717,0.492371705963939,0.034126163
"yorktown ed 021",504,0.456349206349206,0.482142857142857,0.050295858
"yorktown ed 022",434,0.430875576036866,0.518433179723502,0.088541667
"yorktown ed 023",432,0.409722222222222,0.560185185185185,0.042763158
"yorktown ed 024",326,0.493865030674847,0.450920245398773,0.039823009
"yorktown ed 025",274,0.576642335766423,0.375912408759124,0.130208333
"yorktown ed 026",315,0.473015873015873,0.492063492063492,0.105011933
"yorktown ed 027",583,0.397941680960549,0.562607204116638,0.058007566
"yorktown ed 028",566,0.487632508833922,0.478798586572438,0.117574257
"yorktown ed 029",328,0.478658536585366,0.460365853658537,0.111856823
"yorktown ed 030",362,0.458563535911602,0.475138121546961,0.04375
"yorktown ed 031",643,0.446345256609642,0.50855365474339,0.068807339
"yorktown ed 032",115,0.669565217391304,0.295652173913043,0.070967742
"yorktown ed 033",558,0.521505376344086,0.413978494623656,0.036684783
"yorktown ed 034",345,0.530434782608696,0.402898550724638,0.075949367
"yorktown ed 035",320,0.41875,0.525,0.046341463
"yorktown ed 036",484,0.440082644628099,0.504132231404959,0.064569536
"yorktown ed 037",269,0.41635687732342,0.546468401486989,0.029810298
"yorktown ed 038",631,0.548335974643423,0.405705229793978,0.144843569
"yorktown ed 039",410,0.448780487804878,0.5,0.04743833
"yorktown ed 040",292,0.462328767123288,0.48972602739726,0.052924791
"yorktown ed 041",205,0.653658536585366,0.282926829268293,0.175438596
"yorktown ed 042",335,0.471641791044776,0.486567164179104,0.078828829
"yorktown ed 043",326,0.613496932515337,0.328220858895706,0.01978022
